INCIDENT_KEY,OCCUR_DATE,OCCUR_TIME,BORO,LOC_OF_OCCUR_DESC,PRECINCT,JURISDICTION_CODE,LOC_CLASSFCTN_DESC,VIC_AGE_GROUP,VIC_SEX,VIC_RACE,Latitude,Longitude
308408221,06/20/2025,19:06:00,QUEENS,OUTSIDE,104,0,STREET,25-44,M,BLACK,0.0,0.0
306062049,05/08/2025,00:25:00,BRONX,OUTSIDE,47,2,HOUSING,25-44,M,WHITE HISPANIC,40.883065,-73.833249
312202110,09/01/2025,19:34:00,BRONX,OUTSIDE,49,0,STREET,18-24,M,BLACK,40.865427,-73.867866
312957372,09/15/2025,17:32:00,MANHATTAN,OUTSIDE,25,0,STREET,<18,M,BLACK,40.80169,-73.934282
311949658,08/26/2025,15:30:00,BRONX,OUTSIDE,48,0,STREET,25-44,M,BLACK,40.852399,-73.889217
311757222,08/23/2025,19:27:00,BRONX,OUTSIDE,47,0,PLAYGROUND,<18,F,BLACK,40.87413587,-73.84086067
301565779,02/23/2025,23:41:00,BRONX,INSIDE,43,0,DWELLING,45-64,F,WHITE HISPANIC,40.840191,-73.85397
312521185,09/07/2025,19:15:00,BRONX,OUTSIDE,42,0,STREET,18-24,M,WHITE HISPANIC,40.822195,-73.908444
307528851,06/04/2025,02:52:00,BROOKLYN,OUTSIDE,71,0,STREET,25-44,M,BLACK,40.65766,-73.960336
305412877,04/27/2025,07:11:00,QUEENS,OUTSIDE,109,0,STREET,25-44,M,BLACK,40.764795,-73.811476
312482077,09/06/2025,06:48:00,BRONX,OUTSIDE,43,2,HOUSING,18-24,M,BLACK,40.826323,-73.867954
305034043,04/20/2025,01:57:00,BROOKLYN,OUTSIDE,81,2,HOUSING,18-24,F,BLACK,40.688406,-73.931642
312764904,09/11/2025,23:53:00,BROOKLYN,OUTSIDE,79,2,HOUSING,25-44,M,BLACK,40.688215,-73.946331
303829750,03/28/2025,23:50:00,MANHATTAN,OUTSIDE,32,2,HOUSING,25-44,M,BLACK HISPANIC,40.820614,-73.94355
308047666,06/13/2025,19:45:00,BRONX,OUTSIDE,47,0,STREET,25-44,M,BLACK,40.888511,-73.831296
302842116,03/14/2025,15:50:00,BROOKLYN,OUTSIDE,76,1,TRANSIT,25-44,M,BLACK,40.67696,-74.005629
299948481,01/23/2025,22:10:00,BROOKLYN,OUTSIDE,75,0,STREET,25-44,M,BLACK,40.660892,-73.892377
305364227,04/25/2025,21:20:00,BRONX,OUTSIDE,40,2,HOUSING,25-44,F,BLACK,40.816093,-73.908485
309605578,07/14/2025,16:20:00,BRONX,OUTSIDE,44,0,STREET,25-44,M,BLACK,40.839104,-73.924416
307729376,06/07/2025,21:49:00,BRONX,OUTSIDE,52,0,STREET,18-24,M,BLACK,40.867584,-73.897975
308965098,07/02/2025,02:50:00,MANHATTAN,OUTSIDE,32,0,STREET,45-64,M,BLACK,40.808017,-73.952753
307841555,06/10/2025,02:37:00,MANHATTAN,OUTSIDE,33,0,STREET,25-44,M,BLACK,40.843916,-73.933965
302197815,03/06/2025,16:50:00,BROOKLYN,OUTSIDE,63,0,STREET,25-44,M,BLACK,40.631196,-73.919982
299470064,01/15/2025,01:00:00,MANHATTAN,OUTSIDE,34,0,STREET,25-44,M,WHITE HISPANIC,40.86779354,-73.92998844
305036739,04/20/2025,06:35:00,BRONX,OUTSIDE,44,0,STREET,18-24,M,WHITE HISPANIC,0.0,0.0
311757222,08/23/2025,19:27:00,BRONX,OUTSIDE,47,0,PLAYGROUND,<18,F,BLACK,40.87413587,-73.84086067
302312792,03/07/2025,18:15:00,BROOKLYN,OUTSIDE,79,0,STREET,18-24,M,BLACK,40.679569,-73.948203
298756519,01/01/2025,23:18:00,QUEENS,OUTSIDE,103,0,COMMERCIAL,18-24,M,BLACK,40.700318,-73.809959
308517351,06/23/2025,15:55:00,BROOKLYN,OUTSIDE,73,0,STREET,18-24,M,BLACK,40.659233,-73.915885
304789869,04/15/2025,11:00:00,BRONX,OUTSIDE,50,0,STREET,18-24,M,BLACK,40.873392,-73.900629
308510109,06/23/2025,11:31:00,BRONX,OUTSIDE,47,0,STREET,25-44,M,BLACK,40.873635,-73.85321
303861624,03/29/2025,13:21:00,BROOKLYN,OUTSIDE,81,2,HOUSING,18-24,M,BLACK,40.693058,-73.940046
309147442,07/04/2025,23:47:00,BROOKLYN,OUTSIDE,75,0,STREET,25-44,M,BLACK,40.66582,-73.897697
301018725,02/12/2025,21:11:00,BROOKLYN,OUTSIDE,79,2,HOUSING,25-44,M,WHITE HISPANIC,40.698016,-73.945876
311110783,08/12/2025,19:30:00,QUEENS,OUTSIDE,102,0,STREET,25-44,M,ASIAN / PACIFIC ISLANDER,40.686842,-73.840335
311757223,08/24/2025,01:41:00,MANHATTAN,OUTSIDE,33,0,STREET,<18,M,BLACK,40.841393,-73.938634
301256131,02/17/2025,22:54:00,QUEENS,OUTSIDE,114,2,HOUSING,<18,M,BLACK,40.759272,-73.935472
298756517,01/01/2025,05:15:00,BRONX,OUTSIDE,44,0,STREET,45-64,M,BLACK,40.83712653,-73.90963478
303898920,03/30/2025,22:50:00,BROOKLYN,INSIDE,75,0,DWELLING,65+,M,BLACK,40.676364,-73.891718
312521186,09/07/2025,21:08:00,MANHATTAN,OUTSIDE,23,0,HOUSING,18-24,M,WHITE HISPANIC,40.794825,-73.938619
310276534,07/26/2025,02:41:00,BROOKLYN,OUTSIDE,77,0,STREET,18-24,M,BLACK,40.681675,-73.967054
311756930,08/23/2025,21:14:00,BROOKLYN,OUTSIDE,73,0,HOUSING,18-24,M,BLACK,40.664869,-73.904191
305878320,05/05/2025,18:00:00,BRONX,INSIDE,46,0,DWELLING,18-24,M,BLACK HISPANIC,40.854063,-73.904784
311931929,08/26/2025,14:30:00,BRONX,OUTSIDE,48,0,STREET,25-44,M,WHITE HISPANIC,40.84066645,-73.88151242
300131386,01/27/2025,23:15:00,MANHATTAN,OUTSIDE,25,2,HOUSING,25-44,M,BLACK,40.811131,-73.936716
306610278,05/17/2025,17:49:00,MANHATTAN,OUTSIDE,23,0,STREET,<18,M,BLACK,40.79794458,-73.94212156
310871271,08/07/2025,17:01:00,BROOKLYN,OUTSIDE,83,0,STREET,25-44,M,BLACK,40.692691,-73.927646
312100260,08/29/2025,20:57:00,BRONX,OUTSIDE,52,0,STREET,18-24,M,BLACK HISPANIC,40.862367,-73.892544
312795109,09/12/2025,07:43:00,BRONX,OUTSIDE,48,0,STREET,25-44,M,BLACK,40.854481,-73.894674
303562943,03/24/2025,01:25:00,BROOKLYN,OUTSIDE,69,0,STREET,45-64,M,BLACK,40.6456289,-73.89762056
298949942,01/03/2025,17:30:00,BRONX,OUTSIDE,44,0,STREET,<18,M,WHITE HISPANIC,40.843722,-73.917502
313373627,09/23/2025,22:20:00,BRONX,INSIDE,41,0,DWELLING,25-44,F,BLACK,40.82182,-73.895872
301745796,02/26/2025,13:43:00,BRONX,OUTSIDE,47,0,STREET,18-24,M,BLACK,40.893009,-73.843223
308517352,06/23/2025,14:36:00,QUEENS,OUTSIDE,113,0,STREET,45-64,F,BLACK,40.683473,-73.769162
309560883,07/13/2025,14:33:00,MANHATTAN,OUTSIDE,26,2,HOUSING,<18,M,BLACK,40.816058,-73.95432
307067373,05/26/2025,23:59:00,BROOKLYN,OUTSIDE,67,0,STREET,25-44,M,BLACK,40.653215,-73.920431
305004828,04/19/2025,02:30:00,BROOKLYN,OUTSIDE,88,0,STREET,18-24,M,WHITE HISPANIC,40.695956,-73.965945
298877584,01/04/2025,00:43:00,BROOKLYN,OUTSIDE,75,0,COMMERCIAL,25-44,F,WHITE HISPANIC,40.679244,-73.886873
300131383,01/27/2025,16:30:00,QUEENS,INSIDE,107,0,DWELLING,18-24,M,BLACK,40.724446,-73.758293
310820653,08/06/2025,14:45:00,BRONX,OUTSIDE,42,0,HOUSING,25-44,M,WHITE HISPANIC,40.835094,-73.908048
310613388,08/02/2025,16:48:00,BROOKLYN,OUTSIDE,72,0,STREET,<18,M,BLACK HISPANIC,40.66203,-73.994561
309666554,07/15/2025,21:52:00,BRONX,OUTSIDE,48,0,STREET,<18,M,BLACK,40.85830398,-73.892778
311175692,08/13/2025,01:45:00,QUEENS,OUTSIDE,114,2,HOUSING,45-64,M,BLACK,40.754934,-73.91039
309415108,07/10/2025,20:54:00,MANHATTAN,OUTSIDE,25,0,STREET,25-44,F,WHITE HISPANIC,40.801288,-73.936073
300131385,01/27/2025,19:16:00,BRONX,OUTSIDE,47,0,STREET,<18,M,BLACK,40.88809295,-73.85354344
308373655,06/19/2025,23:30:00,BROOKLYN,OUTSIDE,79,0,STREET,25-44,M,BLACK,40.696493,-73.949429
311327863,08/17/2025,03:27:00,BROOKLYN,OUTSIDE,71,0,COMMERCIAL,25-44,M,BLACK,40.66759,-73.959087
306369562,05/13/2025,16:42:00,BRONX,OUTSIDE,42,0,STREET,<18,M,BLACK,40.82392587,-73.91145567
307632868,06/05/2025,13:18:00,BRONX,OUTSIDE,46,0,STREET,<18,M,BLACK,40.8473266,-73.90374022
307558032,06/04/2025,13:30:00,QUEENS,OUTSIDE,109,0,STREET,45-64,M,WHITE,40.781398,-73.797336
305163494,04/22/2025,22:27:00,MANHATTAN,OUTSIDE,28,0,STREET,45-64,F,BLACK,40.800413,-73.950866
310305117,07/27/2025,18:45:00,BRONX,OUTSIDE,44,0,STREET,18-24,M,WHITE HISPANIC,40.83872163,-73.91377061
305637546,04/30/2025,22:33:00,BROOKLYN,OUTSIDE,75,0,STREET,25-44,M,WHITE HISPANIC,40.673859,-73.873576
306651416,05/18/2025,18:45:00,BRONX,OUTSIDE,46,0,STREET,45-64,M,BLACK,40.860085,-73.89363
308834266,06/29/2025,22:13:00,MANHATTAN,OUTSIDE,6,0,STREET,<18,F,BLACK,40.73315,-74.002157
300430000,02/02/2025,01:24:00,BRONX,OUTSIDE,48,0,STREET,18-24,M,WHITE HISPANIC,40.846899,-73.899769
312200896,09/01/2025,18:47:00,BROOKLYN,OUTSIDE,71,0,STREET,18-24,M,BLACK,40.671016,-73.959656
301313414,02/18/2025,15:42:00,BRONX,OUTSIDE,40,0,STREET,<18,M,BLACK,40.809673,-73.920192
308096531,06/15/2025,04:45:00,BRONX,OUTSIDE,52,0,STREET,25-44,M,BLACK,40.885834,-73.877738
310971422,08/10/2025,04:40:00,QUEENS,OUTSIDE,104,0,STREET,18-24,F,WHITE HISPANIC,40.72289932,-73.91384832
303861625,03/29/2025,21:38:00,BRONX,OUTSIDE,40,2,HOUSING,<18,F,BLACK,40.81368,-73.925276
303476410,03/22/2025,20:13:00,BROOKLYN,OUTSIDE,73,0,STREET,25-44,M,WHITE HISPANIC,40.661517,-73.910579
303861626,03/30/2025,02:45:00,BRONX,OUTSIDE,43,0,STREET,25-44,F,BLACK HISPANIC,40.832551,-73.864117
300951837,02/11/2025,15:57:00,BRONX,OUTSIDE,47,0,STREET,<18,M,BLACK,40.897859,-73.854775
307581456,06/04/2025,23:45:00,BRONX,OUTSIDE,44,0,STREET,<18,M,WHITE HISPANIC,40.820068,-73.930566
303275049,03/20/2025,00:59:00,MANHATTAN,OUTSIDE,34,0,STREET,25-44,M,BLACK HISPANIC,40.868306,-73.919159
311045536,08/11/2025,16:40:00,BRONX,OUTSIDE,47,2,HOUSING,<18,M,BLACK,0.0,0.0
310650149,08/03/2025,21:22:00,BROOKLYN,OUTSIDE,72,0,OTHER,25-44,M,WHITE HISPANIC,40.646966,-74.020939
313097431,09/17/2025,20:44:00,BROOKLYN,OUTSIDE,70,0,STREET,18-24,M,BLACK,40.652822,-73.962522
306651765,05/18/2025,21:30:00,BROOKLYN,OUTSIDE,75,0,OTHER,18-24,M,BLACK HISPANIC,40.68375359,-73.8856456
311327863,08/17/2025,03:27:00,BROOKLYN,OUTSIDE,71,0,COMMERCIAL,18-24,M,BLACK,40.66759,-73.959087
307442122,06/02/2025,22:25:00,BRONX,OUTSIDE,47,0,DWELLING,25-44,M,BLACK,40.878053,-73.863245
305404406,04/26/2025,20:19:00,BROOKLYN,OUTSIDE,81,0,STREET,<18,M,BLACK,40.678662,-73.924629
311423744,08/19/2025,06:15:00,BROOKLYN,OUTSIDE,60,0,HOUSING,18-24,M,BLACK,40.579162,-74.000371
309605579,07/14/2025,14:30:00,MANHATTAN,OUTSIDE,32,2,HOUSING,25-44,F,BLACK,40.821238,-73.943094
312200897,09/01/2025,18:55:00,BROOKLYN,OUTSIDE,71,0,STREET,45-64,M,BLACK,40.66312629,-73.95089285
302333819,03/09/2025,19:50:00,BROOKLYN,OUTSIDE,83,0,STREET,25-44,M,WHITE HISPANIC,40.691058,-73.90472
311227345,08/14/2025,22:10:00,MANHATTAN,OUTSIDE,7,0,STREET,<18,F,BLACK,40.719599,-73.982369
300131384,01/27/2025,12:20:00,BROOKLYN,OUTSIDE,67,0,DWELLING,65+,M,BLACK,40.651466,-73.954236
306610276,05/17/2025,21:57:00,BROOKLYN,OUTSIDE,75,0,STREET,18-24,M,BLACK,40.65961,-73.890327
300412112,02/01/2025,21:15:00,BRONX,OUTSIDE,47,2,HOUSING,25-44,F,BLACK,40.882385,-73.831191
312797203,09/12/2025,01:20:00,QUEENS,OUTSIDE,106,0,STREET,25-44,M,ASIAN / PACIFIC ISLANDER,40.672267,-73.804944
310122094,07/23/2025,20:05:00,QUEENS,OUTSIDE,114,0,STREET,18-24,M,WHITE HISPANIC,40.767615,-73.908662
304882359,04/16/2025,19:51:00,BRONX,OUTSIDE,40,0,STREET,25-44,M,BLACK,40.817729,-73.904295
309529689,07/13/2025,10:07:00,BROOKLYN,OUTSIDE,67,0,STREET,65+,F,BLACK,40.637804,-73.942377
308800537,06/28/2025,22:00:00,BRONX,OUTSIDE,42,0,STREET,18-24,M,BLACK,40.83176758,-73.90802316
313612569,09/28/2025,21:43:00,BRONX,OUTSIDE,44,0,STREET,25-44,M,BLACK,40.830407,-73.915277
301529587,02/22/2025,00:38:00,BRONX,INSIDE,45,2,HOUSING,18-24,M,BLACK HISPANIC,40.821023,-73.826044
306369562,05/13/2025,16:42:00,BRONX,OUTSIDE,42,0,STREET,18-24,M,BLACK,40.82392587,-73.91145567
304727807,04/14/2025,16:53:00,BRONX,OUTSIDE,46,0,DWELLING,18-24,M,WHITE HISPANIC,40.853048,-73.898764
310613388,08/02/2025,16:48:00,BROOKLYN,OUTSIDE,72,0,STREET,<18,M,BLACK HISPANIC,40.66203,-73.994561
308005977,06/12/2025,21:00:00,BRONX,OUTSIDE,49,0,STREET,<18,M,BLACK,40.845153,-73.866501
301178228,02/15/2025,17:00:00,QUEENS,INSIDE,107,0,DWELLING,<18,F,BLACK,40.718362,-73.768693
313612567,09/28/2025,19:30:00,QUEENS,OUTSIDE,112,0,STREET,18-24,M,WHITE HISPANIC,40.73361929,-73.84475403
304483259,04/09/2025,16:58:00,BRONX,OUTSIDE,46,0,STREET,25-44,M,WHITE HISPANIC,40.86244422,-73.89714218
308800534,06/28/2025,20:20:00,BRONX,OUTSIDE,40,2,HOUSING,<18,M,BLACK,40.811515,-73.922607
311661548,08/22/2025,21:07:00,BROOKLYN,OUTSIDE,88,0,STREET,<18,M,BLACK,40.681856,-73.959091
313612998,09/28/2025,20:53:00,BRONX,OUTSIDE,40,0,STREET,<18,M,BLACK,40.81427012,-73.91534128
306906891,05/23/2025,02:16:00,BROOKLYN,OUTSIDE,75,0,STREET,25-44,M,BLACK,40.684037,-73.874337
304789869,04/15/2025,11:00:00,BRONX,OUTSIDE,50,0,STREET,18-24,M,BLACK,40.873392,-73.900629
310305116,07/27/2025,18:05:00,BRONX,OUTSIDE,44,0,STREET,18-24,M,WHITE HISPANIC,40.838423,-73.914005
313570970,09/28/2025,01:12:00,BRONX,OUTSIDE,43,0,COMMERCIAL,25-44,M,WHITE HISPANIC,40.832551,-73.864117
306214613,05/10/2025,20:33:00,BRONX,OUTSIDE,40,0,STREET,25-44,F,WHITE HISPANIC,40.808777,-73.923131
311757222,08/23/2025,19:27:00,BRONX,OUTSIDE,47,0,PLAYGROUND,25-44,M,BLACK,40.87413587,-73.84086067
300318397,01/30/2025,14:29:00,BRONX,OUTSIDE,48,0,STREET,18-24,M,BLACK HISPANIC,40.846273,-73.885036
299382241,01/13/2025,21:15:00,MANHATTAN,OUTSIDE,30,0,STREET,25-44,M,BLACK HISPANIC,40.824207,-73.95208
299996365,01/24/2025,20:20:00,BRONX,OUTSIDE,42,0,STREET,45-64,M,BLACK HISPANIC,40.827717,-73.890893
303036414,03/17/2025,20:35:00,BRONX,OUTSIDE,46,0,STREET,18-24,M,WHITE HISPANIC,40.846651,-73.913105
298756517,01/01/2025,05:15:00,BRONX,OUTSIDE,44,0,STREET,18-24,M,BLACK,40.83712653,-73.90963478
304022767,04/01/2025,15:30:00,BRONX,OUTSIDE,48,0,STREET,25-44,M,WHITE HISPANIC,40.851386,-73.882234
300412113,02/01/2025,05:05:00,QUEENS,OUTSIDE,104,0,STREET,25-44,M,BLACK HISPANIC,40.709882,-73.914147
307581457,06/04/2025,21:15:00,MANHATTAN,OUTSIDE,10,2,HOUSING,18-24,M,BLACK,40.74347,-74.005392
299453928,01/14/2025,19:06:00,BROOKLYN,OUTSIDE,81,0,STREET,<18,M,BLACK,40.68034,-73.930039
301377740,02/13/2025,19:20:00,BROOKLYN,OUTSIDE,75,0,COMMERCIAL,18-24,M,BLACK,40.665074,-73.887429
311298007,08/16/2025,02:28:00,BRONX,OUTSIDE,45,0,STREET,25-44,F,BLACK,40.83351,-73.828497
300566188,02/04/2025,12:20:00,MANHATTAN,OUTSIDE,10,2,HOUSING,25-44,M,BLACK,40.74347,-74.005392
312802388,09/12/2025,16:10:00,BROOKLYN,OUTSIDE,67,0,STREET,45-64,F,BLACK,40.652778,-73.930494
306651766,05/18/2025,23:43:00,MANHATTAN,OUTSIDE,28,0,STREET,25-44,M,BLACK,40.809184,-73.951896
300341223,01/31/2025,11:55:00,BROOKLYN,OUTSIDE,79,0,STREET,25-44,F,WHITE HISPANIC,40.692485,-73.960292
311661208,08/22/2025,16:03:00,BRONX,OUTSIDE,45,0,STREET,<18,M,BLACK,40.84003243,-73.84453462
313251172,09/20/2025,10:37:00,MANHATTAN,OUTSIDE,32,0,STREET,25-44,M,BLACK,40.829371,-73.938802
306675852,05/19/2025,14:12:00,MANHATTAN,OUTSIDE,28,2,HOUSING,<18,M,WHITE HISPANIC,40.799054,-73.947644
300318398,01/30/2025,17:58:00,QUEENS,OUTSIDE,114,0,STREET,25-44,M,BLACK,40.75397,-73.90834
312452888,09/06/2025,00:04:00,BROOKLYN,INSIDE,81,2,HOUSING,18-24,M,BLACK,40.680488,-73.925554
310867868,08/07/2025,16:15:00,QUEENS,OUTSIDE,101,2,HOUSING,<18,M,BLACK,40.596398,-73.784674
308408220,06/20/2025,15:57:00,QUEENS,OUTSIDE,100,0,STREET,45-64,M,BLACK,40.592886,-73.795653
310000251,07/21/2025,00:30:00,QUEENS,OUTSIDE,113,0,STREET,25-44,M,BLACK,40.689869,-73.795682
303829749,03/28/2025,14:29:00,STATEN ISLAND,OUTSIDE,120,0,STREET,25-44,M,WHITE HISPANIC,40.63777181,-74.07601437
310613390,08/03/2025,03:30:00,QUEENS,OUTSIDE,110,0,STREET,18-24,M,WHITE HISPANIC,40.759739,-73.841212
311113696,08/12/2025,19:02:00,BRONX,INSIDE,43,2,HOUSING,18-24,M,ASIAN / PACIFIC ISLANDER,40.833835,-73.876987
312202110,09/01/2025,19:34:00,BRONX,OUTSIDE,49,0,STREET,25-44,M,BLACK,40.865427,-73.867866
310357834,07/28/2025,18:28:00,MANHATTAN,INSIDE,18,0,COMMERCIAL,25-44,M,WHITE,40.758128,-73.973298
307442124,06/02/2025,21:55:00,BROOKLYN,INSIDE,83,0,DWELLING,45-64,M,BLACK,40.691437,-73.915478
307581455,06/04/2025,21:33:00,BRONX,OUTSIDE,41,0,STREET,25-44,M,BLACK,40.822069,-73.894895
308658623,06/25/2025,22:20:00,BROOKLYN,OUTSIDE,78,0,STREET,25-44,F,BLACK,40.68161639,-73.97082463
305304922,04/24/2025,22:55:00,QUEENS,OUTSIDE,101,0,STREET,<18,M,BLACK,40.60877086,-73.75780082
308005978,06/12/2025,21:20:00,BRONX,OUTSIDE,42,0,STREET,45-64,M,BLACK,40.831562,-73.901486
310435646,07/30/2025,01:08:00,QUEENS,OUTSIDE,106,0,STREET,18-24,M,ASIAN / PACIFIC ISLANDER,40.66613169,-73.82614181
303630517,03/25/2025,14:22:00,BROOKLYN,INSIDE,83,2,HOUSING,<18,M,BLACK,40.695902,-73.919289
310276532,07/26/2025,21:24:00,BRONX,OUTSIDE,42,0,HOUSING,25-44,M,WHITE HISPANIC,40.827795,-73.899003
303829752,03/28/2025,23:55:00,BRONX,OUTSIDE,44,0,STREET,25-44,M,WHITE HISPANIC,40.834302,-73.928161
301609656,02/24/2025,11:30:00,BROOKLYN,INSIDE,83,0,DWELLING,45-64,I,BLACK,40.695051,-73.917793
303772633,03/27/2025,11:15:00,MANHATTAN,OUTSIDE,25,0,STREET,25-44,M,WHITE,40.79897,-73.941374
308755262,06/27/2025,02:00:00,MANHATTAN,OUTSIDE,26,0,HOUSING,18-24,M,BLACK HISPANIC,40.816989,-73.953638
305252462,04/23/2025,16:54:00,BRONX,OUTSIDE,50,0,STREET,25-44,F,WHITE HISPANIC,40.868709,-73.900738
312482075,09/06/2025,16:20:00,BROOKLYN,INSIDE,60,0,DWELLING,18-24,M,BLACK,40.577192,-74.000571
304263629,04/05/2025,17:45:00,BRONX,OUTSIDE,46,0,STREET,18-24,M,BLACK HISPANIC,40.846216,-73.909699
306106327,05/09/2025,03:17:00,BROOKLYN,OUTSIDE,78,0,PLAYGROUND,25-44,M,BLACK,40.680699,-73.98632
312482074,09/06/2025,23:47:00,BRONX,OUTSIDE,40,2,HOUSING,25-44,M,WHITE HISPANIC,40.814191,-73.923568
312865020,09/13/2025,21:20:00,BROOKLYN,OUTSIDE,67,0,STREET,18-24,M,BLACK,40.650208,-73.928733
310276536,07/26/2025,00:50:00,MANHATTAN,OUTSIDE,6,0,STREET,25-44,M,BLACK,40.728697,-73.998422
307632869,06/05/2025,19:35:00,BROOKLYN,OUTSIDE,63,2,HOUSING,25-44,M,BLACK,40.63341,-73.920548
303861624,03/29/2025,13:21:00,BROOKLYN,OUTSIDE,81,2,HOUSING,18-24,M,BLACK,40.693058,-73.940046
310937083,08/09/2025,01:19:00,MANHATTAN,OUTSIDE,14,0,STREET,65+,M,WHITE HISPANIC,40.75759,-73.98659
310000250,07/21/2025,21:15:00,BRONX,OUTSIDE,49,2,HOUSING,<18,F,BLACK,40.871163,-73.851299
306215083,05/10/2025,21:35:00,QUEENS,OUTSIDE,101,2,HOUSING,25-44,F,BLACK,40.59377,-73.784419
301018725,02/12/2025,21:11:00,BROOKLYN,OUTSIDE,79,2,HOUSING,25-44,M,WHITE HISPANIC,40.698016,-73.945876
312151471,08/31/2025,05:04:00,BROOKLYN,OUTSIDE,90,0,STREET,25-44,M,BLACK,40.714995,-73.933711
308146002,06/16/2025,15:41:00,BROOKLYN,OUTSIDE,75,2,HOUSING,<18,M,WHITE HISPANIC,40.659053,-73.88237
306294378,05/12/2025,00:36:00,BROOKLYN,OUTSIDE,69,0,STREET,18-24,M,BLACK,40.64225788,-73.90681063
303772633,03/27/2025,11:15:00,MANHATTAN,OUTSIDE,25,0,STREET,25-44,M,WHITE,40.79897,-73.941374
309519557,07/12/2025,21:20:00,BROOKLYN,OUTSIDE,79,0,HOUSING,25-44,M,BLACK,40.690505,-73.959005
303898920,03/30/2025,22:50:00,BROOKLYN,INSIDE,75,0,DWELLING,45-64,M,BLACK,40.676364,-73.891718
311362222,08/17/2025,17:40:00,BROOKLYN,OUTSIDE,75,0,HOUSING,45-64,M,BLACK,40.672815,-73.871674
309301656,07/08/2025,14:00:00,BRONX,OUTSIDE,41,0,STREET,45-64,F,BLACK HISPANIC,40.820028,-73.899866
299070750,01/07/2025,18:33:00,BRONX,OUTSIDE,40,0,STREET,18-24,M,BLACK,40.806931,-73.920768
299648921,01/17/2025,09:54:00,BRONX,OUTSIDE,40,2,HOUSING,18-24,M,BLACK,40.81368,-73.925276
308717968,06/26/2025,22:40:00,BROOKLYN,OUTSIDE,69,0,STREET,18-24,M,BLACK,40.636975,-73.897943
305285855,04/24/2025,10:21:00,MANHATTAN,OUTSIDE,25,0,STREET,25-44,M,BLACK,40.803394,-73.938144
305163491,04/22/2025,20:42:00,BROOKLYN,OUTSIDE,94,2,HOUSING,18-24,M,BLACK HISPANIC,40.718455,-73.937104
311757222,08/23/2025,19:27:00,BRONX,OUTSIDE,47,0,PLAYGROUND,<18,F,BLACK,40.87413587,-73.84086067
309107259,07/05/2025,00:17:00,BROOKLYN,OUTSIDE,73,0,STREET,25-44,M,BLACK,40.659695,-73.906732
309175595,07/06/2025,15:30:00,BRONX,OUTSIDE,42,0,STREET,18-24,M,WHITE HISPANIC,40.840013,-73.898651
312957372,09/15/2025,17:32:00,MANHATTAN,OUTSIDE,25,0,STREET,<18,M,BLACK,40.80169,-73.934282
302818233,03/14/2025,14:29:00,BRONX,OUTSIDE,40,0,STREET,25-44,M,BLACK HISPANIC,40.813951,-73.915531
301565779,02/23/2025,23:41:00,BRONX,INSIDE,43,0,DWELLING,45-64,F,WHITE HISPANIC,40.840191,-73.85397
311327863,08/17/2025,03:27:00,BROOKLYN,OUTSIDE,71,0,COMMERCIAL,45-64,M,BLACK,40.66759,-73.959087
305412877,04/27/2025,07:11:00,QUEENS,OUTSIDE,109,0,STREET,25-44,M,BLACK,40.764795,-73.811476
309456641,07/11/2025,01:00:00,BROOKLYN,INSIDE,75,0,COMMERCIAL,45-64,M,BLACK,40.654826,-73.887815
313259953,09/21/2025,04:46:00,BROOKLYN,OUTSIDE,90,0,STREET,18-24,M,BLACK HISPANIC,40.706761,-73.949302
309293633,07/08/2025,13:25:00,BROOKLYN,OUTSIDE,67,0,STREET,<18,M,BLACK,40.655957,-73.917241
308965098,07/02/2025,02:50:00,MANHATTAN,OUTSIDE,32,0,STREET,25-44,M,BLACK,40.808017,-73.952753
306906891,05/23/2025,02:16:00,BROOKLYN,OUTSIDE,75,0,STREET,25-44,M,BLACK,40.684037,-73.874337
301923239,03/01/2025,03:20:00,MANHATTAN,OUTSIDE,9,0,COMMERCIAL,25-44,M,WHITE HISPANIC,40.724951,-73.993251
301184410,02/16/2025,14:55:00,QUEENS,INSIDE,114,0,COMMERCIAL,<18,M,BLACK HISPANIC,40.752444,-73.939488
309874797,07/19/2025,23:45:00,MANHATTAN,OUTSIDE,33,0,PLAYGROUND,25-44,M,BLACK,40.85176561,-73.94190484
306613733,05/18/2025,03:54:00,QUEENS,OUTSIDE,110,0,STREET,18-24,M,BLACK,40.739229,-73.884526
298950447,01/05/2025,21:25:00,BROOKLYN,OUTSIDE,75,0,COMMERCIAL,<18,M,BLACK,40.672585,-73.873262
305163494,04/22/2025,22:27:00,MANHATTAN,OUTSIDE,28,0,STREET,18-24,M,BLACK,40.800413,-73.950866
302206261,03/06/2025,22:56:00,BROOKLYN,OUTSIDE,73,0,STREET,25-44,M,BLACK,0.0,0.0
305252462,04/23/2025,16:54:00,BRONX,OUTSIDE,50,0,STREET,25-44,F,WHITE HISPANIC,40.868709,-73.900738
305446969,04/27/2025,16:45:00,BROOKLYN,OUTSIDE,60,0,STREET,18-24,M,BLACK,40.57310209,-74.00142184
312382744,09/04/2025,20:38:00,BROOKLYN,OUTSIDE,77,0,STREET,25-44,M,BLACK,40.676828,-73.93454
310357834,07/28/2025,18:28:00,MANHATTAN,INSIDE,18,0,COMMERCIAL,25-44,M,ASIAN / PACIFIC ISLANDER,40.758128,-73.973298
312202110,09/01/2025,19:34:00,BRONX,OUTSIDE,49,0,STREET,18-24,M,BLACK,40.865427,-73.867866
305252462,04/23/2025,16:54:00,BRONX,OUTSIDE,50,0,STREET,25-44,M,WHITE,40.868709,-73.900738
300999026,02/12/2025,06:13:00,BRONX,OUTSIDE,43,0,,18-24,M,BLACK HISPANIC,40.83515,-73.869013
299257997,01/11/2025,03:55:00,QUEENS,OUTSIDE,114,0,STREET,25-44,M,BLACK,40.771977,-73.90714
311949658,08/26/2025,15:30:00,BRONX,OUTSIDE,48,0,STREET,25-44,M,BLACK,40.852399,-73.889217
306214613,05/10/2025,20:33:00,BRONX,OUTSIDE,40,0,STREET,25-44,F,WHITE HISPANIC,40.808777,-73.923131
306234142,05/11/2025,15:02:00,BROOKLYN,OUTSIDE,73,0,STREET,25-44,M,BLACK,40.660532,-73.917158
310613387,08/02/2025,02:30:00,BRONX,OUTSIDE,45,2,HOUSING,18-24,M,WHITE HISPANIC,40.818856,-73.822849
300052774,01/25/2025,12:42:00,BRONX,OUTSIDE,46,0,STREET,25-44,M,BLACK,40.847276,-73.910442
303829750,03/28/2025,23:50:00,MANHATTAN,OUTSIDE,32,2,HOUSING,25-44,M,BLACK,40.820614,-73.94355
311756929,08/23/2025,17:26:00,BRONX,OUTSIDE,47,0,STREET,18-24,M,BLACK,40.878261,-73.865964
308800538,06/29/2025,02:43:00,BRONX,OUTSIDE,43,0,STREET,18-24,M,WHITE HISPANIC,40.82904948,-73.87252839
304800342,04/15/2025,22:50:00,BRONX,OUTSIDE,48,0,STREET,25-44,M,WHITE HISPANIC,40.846007,-73.889163
299453928,01/14/2025,19:06:00,BROOKLYN,OUTSIDE,81,0,STREET,25-44,F,BLACK,40.68034,-73.930039
307246929,05/29/2025,15:09:00,MANHATTAN,OUTSIDE,28,2,HOUSING,18-24,M,BLACK,40.798802,-73.949922
309605579,07/14/2025,14:30:00,MANHATTAN,OUTSIDE,32,2,HOUSING,25-44,F,BLACK,40.821238,-73.943094
306616572,05/18/2025,06:52:00,BRONX,OUTSIDE,47,0,STREET,25-44,F,BLACK,40.875245,-73.851062
307729377,06/07/2025,13:20:00,BROOKLYN,OUTSIDE,75,0,DWELLING,18-24,F,BLACK,40.668338,-73.880734
306651416,05/18/2025,18:45:00,BRONX,OUTSIDE,46,0,STREET,25-44,F,WHITE HISPANIC,40.860085,-73.89363
305163493,04/22/2025,17:40:00,QUEENS,OUTSIDE,104,0,STREET,18-24,M,WHITE HISPANIC,40.698596,-73.902085
312380154,09/04/2025,14:40:00,BROOKLYN,OUTSIDE,75,0,STREET,18-24,M,BLACK,40.67285815,-73.87130201
307645265,06/05/2025,21:52:00,BRONX,OUTSIDE,42,0,STREET,45-64,M,BLACK,40.82243119,-73.90945601
305036739,04/20/2025,06:35:00,BRONX,OUTSIDE,44,0,STREET,18-24,M,WHITE HISPANIC,0.0,0.0
308489204,06/22/2025,18:58:00,BROOKLYN,INSIDE,81,0,DWELLING,25-44,M,BLACK,40.68034,-73.930039
311757224,08/24/2025,01:03:00,BROOKLYN,OUTSIDE,88,2,HOUSING,25-44,M,BLACK,40.695822,-73.978914
313570970,09/28/2025,01:12:00,BRONX,OUTSIDE,43,0,COMMERCIAL,45-64,M,WHITE HISPANIC,40.832551,-73.864117
311757222,08/23/2025,19:27:00,BRONX,OUTSIDE,47,0,PLAYGROUND,25-44,M,BLACK,40.87413587,-73.84086067
298756519,01/01/2025,23:18:00,QUEENS,OUTSIDE,103,0,COMMERCIAL,18-24,F,BLACK,40.700318,-73.809959
313373627,09/23/2025,22:20:00,BRONX,INSIDE,41,0,DWELLING,25-44,M,BLACK,40.82182,-73.895872
311327863,08/17/2025,03:27:00,BROOKLYN,OUTSIDE,71,0,COMMERCIAL,25-44,M,BLACK,40.66759,-73.959087
313028799,09/16/2025,14:30:00,MANHATTAN,OUTSIDE,7,0,STREET,18-24,M,BLACK,40.713981,-73.987146
304579781,04/11/2025,01:14:00,BROOKLYN,OUTSIDE,83,0,STREET,25-44,M,BLACK,40.682954,-73.908578
302377352,03/10/2025,22:40:00,QUEENS,OUTSIDE,113,0,STREET,25-44,M,BLACK,40.6747607,-73.79883235
310871272,08/07/2025,22:30:00,BRONX,OUTSIDE,43,0,STREET,25-44,M,WHITE HISPANIC,40.829636,-73.87417
305764953,05/02/2025,23:09:00,BROOKLYN,OUTSIDE,79,0,STREET,18-24,M,BLACK,40.694727,-73.941829
313716449,09/30/2025,17:56:00,BRONX,OUTSIDE,48,0,STREET,25-44,F,BLACK,40.85777,-73.894607
303700019,03/26/2025,14:21:00,QUEENS,OUTSIDE,103,0,STREET,<18,M,BLACK,40.70418623,-73.78597948
305004828,04/19/2025,02:30:00,BROOKLYN,OUTSIDE,88,0,STREET,18-24,M,WHITE HISPANIC,40.695956,-73.965945
303772632,03/27/2025,21:09:00,BRONX,OUTSIDE,40,0,STREET,18-24,M,BLACK,40.810313,-73.919769
303132108,03/18/2025,23:00:00,BROOKLYN,OUTSIDE,70,0,STREET,25-44,M,BLACK,40.654446,-73.963015
312144301,08/31/2025,03:36:00,MANHATTAN,OUTSIDE,9,2,HOUSING,25-44,M,BLACK,40.722055,-73.975829
312241636,09/02/2025,02:00:00,BRONX,OUTSIDE,48,0,STREET,18-24,M,BLACK,40.853451,-73.891536
307682167,06/06/2025,23:07:00,BROOKLYN,OUTSIDE,73,0,STREET,18-24,M,BLACK HISPANIC,40.66562622,-73.920443
311877500,08/25/2025,21:08:00,BROOKLYN,OUTSIDE,61,0,STREET,45-64,M,BLACK,40.597121,-73.941251
306554262,05/16/2025,17:35:00,BROOKLYN,OUTSIDE,77,0,STREET,25-44,M,BLACK,40.672969,-73.933512
310352507,07/28/2025,05:58:00,BRONX,OUTSIDE,45,0,STREET,18-24,M,BLACK HISPANIC,40.816894,-73.838807
308096531,06/15/2025,04:45:00,BRONX,OUTSIDE,52,0,STREET,18-24,M,WHITE HISPANIC,40.885834,-73.877738
309409888,07/10/2025,13:46:00,BRONX,OUTSIDE,46,0,STREET,<18,F,WHITE HISPANIC,40.848328,-73.912481
311661208,08/22/2025,16:03:00,BRONX,OUTSIDE,45,0,STREET,<18,F,WHITE HISPANIC,40.84003243,-73.84453462
309605579,07/14/2025,14:30:00,MANHATTAN,OUTSIDE,32,2,HOUSING,25-44,F,BLACK,40.821238,-73.943094
304199342,04/04/2025,14:29:00,MANHATTAN,OUTSIDE,34,0,STREET,18-24,M,BLACK HISPANIC,40.86701515,-73.92310894
299382241,01/13/2025,21:15:00,MANHATTAN,OUTSIDE,30,0,STREET,25-44,M,BLACK HISPANIC,40.824207,-73.95208
313250415,09/20/2025,22:00:00,BRONX,OUTSIDE,49,0,STREET,18-24,M,BLACK HISPANIC,40.857432,-73.846573
305637547,04/30/2025,22:00:00,BROOKLYN,OUTSIDE,73,0,STREET,25-44,M,BLACK,40.656413,-73.912211
305764954,05/03/2025,02:22:00,BRONX,OUTSIDE,40,2,HOUSING,25-44,M,WHITE HISPANIC,40.816674,-73.905109
313635117,09/29/2025,04:17:00,QUEENS,OUTSIDE,102,0,STREET,18-24,M,BLACK,40.68995341,-73.82599315
299683365,01/18/2025,17:30:00,QUEENS,OUTSIDE,113,0,STREET,45-64,M,BLACK,40.70093491,-73.7511077
305637544,04/30/2025,19:45:00,BRONX,OUTSIDE,48,0,STREET,25-44,M,BLACK,40.839319,-73.880464
310352508,07/28/2025,20:50:00,BRONX,OUTSIDE,44,0,STREET,18-24,M,BLACK HISPANIC,40.824288,-73.926836
310352509,07/28/2025,05:00:00,BROOKLYN,INSIDE,83,0,DWELLING,25-44,M,WHITE HISPANIC,40.699422,-73.923459
312817515,09/12/2025,21:20:00,QUEENS,OUTSIDE,115,0,STREET,18-24,F,BLACK,40.761791,-73.873095
305034044,04/19/2025,22:19:00,BROOKLYN,OUTSIDE,67,0,COMMERCIAL,45-64,M,BLACK,40.640973,-73.929232
309492262,07/12/2025,09:53:00,BRONX,OUTSIDE,52,0,STREET,25-44,M,BLACK,40.8795,-73.872232
306214612,05/10/2025,16:18:00,QUEENS,OUTSIDE,113,2,HOUSING,18-24,M,BLACK,40.685325,-73.783631
311929407,08/26/2025,08:40:00,BROOKLYN,INSIDE,77,0,DWELLING,45-64,F,WHITE,40.67402,-73.964946
304361736,04/07/2025,15:40:00,BRONX,OUTSIDE,48,0,STREET,25-44,M,BLACK,40.84430647,-73.89329933
311757222,08/23/2025,19:27:00,BRONX,OUTSIDE,47,0,PLAYGROUND,25-44,M,BLACK,40.87413587,-73.84086067
310413300,07/29/2025,16:45:00,BROOKLYN,OUTSIDE,62,0,STREET,18-24,M,WHITE,40.593863,-73.997218
301609655,02/24/2025,16:49:00,BRONX,OUTSIDE,40,0,STREET,25-44,M,BLACK,40.821769,-73.911993
309666554,07/15/2025,21:52:00,BRONX,OUTSIDE,48,0,STREET,18-24,M,BLACK,40.85830398,-73.892778
300197278,01/28/2025,14:54:00,QUEENS,OUTSIDE,113,0,STREET,<18,M,BLACK,40.675902,-73.790958
310215605,07/25/2025,00:25:00,BRONX,OUTSIDE,44,0,STREET,25-44,F,BLACK,40.836266,-73.911328
312434897,09/05/2025,23:33:00,QUEENS,OUTSIDE,116,0,STREET,18-24,M,BLACK,40.674731,-73.736506
302377353,03/10/2025,17:25:00,BROOKLYN,INSIDE,77,2,HOUSING,18-24,M,BLACK,40.675081,-73.923638
305570692,04/29/2025,21:50:00,BRONX,OUTSIDE,47,0,STREET,<18,M,BLACK,40.88759525,-73.85719372
309874796,07/19/2025,17:45:00,BROOKLYN,OUTSIDE,75,0,STREET,25-44,M,BLACK HISPANIC,40.671549,-73.869526
299382241,01/13/2025,21:15:00,MANHATTAN,OUTSIDE,30,0,STREET,25-44,M,BLACK HISPANIC,40.824207,-73.95208
309611015,07/14/2025,12:55:00,BRONX,OUTSIDE,43,0,STREET,25-44,M,BLACK,40.830532,-73.867957
308717968,06/26/2025,22:40:00,BROOKLYN,OUTSIDE,69,0,STREET,25-44,M,BLACK,40.636975,-73.897943
308800535,06/28/2025,15:53:00,BRONX,OUTSIDE,44,0,STREET,25-44,M,WHITE HISPANIC,40.844776,-73.911317
311327863,08/17/2025,03:27:00,BROOKLYN,OUTSIDE,71,0,COMMERCIAL,25-44,M,BLACK,40.66759,-73.959087
311931930,08/26/2025,08:10:00,BRONX,OUTSIDE,46,0,STREET,25-44,M,BLACK,40.847626,-73.903654
306991088,05/24/2025,20:15:00,BRONX,OUTSIDE,41,0,STREET,25-44,M,WHITE HISPANIC,40.812432,-73.884504
310305118,07/27/2025,19:21:00,BRONX,OUTSIDE,43,0,STREET,18-24,M,BLACK,40.835211,-73.871029
298877583,01/03/2025,19:33:00,BROOKLYN,OUTSIDE,60,0,STREET,25-44,M,BLACK,40.575643,-73.99379
311327863,08/17/2025,03:27:00,BROOKLYN,OUTSIDE,71,0,COMMERCIAL,18-24,M,BLACK,40.66759,-73.959087
312764904,09/11/2025,23:53:00,BROOKLYN,OUTSIDE,79,2,HOUSING,18-24,F,BLACK,40.688215,-73.946331
299453927,01/14/2025,21:20:00,BROOKLYN,OUTSIDE,73,0,COMMERCIAL,25-44,M,BLACK,40.670038,-73.908428
309611016,07/14/2025,16:50:00,MANHATTAN,OUTSIDE,28,0,STREET,25-44,M,BLACK,40.805534,-73.947127
313028799,09/16/2025,14:30:00,MANHATTAN,OUTSIDE,7,0,STREET,18-24,M,BLACK,40.713981,-73.987146
305304921,04/24/2025,22:04:00,BROOKLYN,OUTSIDE,73,0,STREET,25-44,M,BLACK,40.679158,-73.911012
309560882,07/13/2025,21:35:00,BROOKLYN,OUTSIDE,77,0,HOUSING,18-24,M,BLACK,40.675616,-73.926657
310613386,08/02/2025,04:25:00,MANHATTAN,OUTSIDE,34,0,STREET,25-44,M,BLACK HISPANIC,40.867362,-73.922163
305182561,04/22/2025,21:45:00,BRONX,INSIDE,46,0,DWELLING,18-24,M,BLACK,40.849793,-73.908595
304641478,04/12/2025,12:57:00,BRONX,OUTSIDE,43,0,STREET,<18,M,BLACK HISPANIC,40.820954,-73.866223
301479775,02/21/2025,07:05:00,BROOKLYN,OUTSIDE,67,0,DWELLING,18-24,M,BLACK HISPANIC,40.655344,-73.951514
308594661,06/24/2025,04:20:00,BRONX,OUTSIDE,46,0,STREET,18-24,M,WHITE HISPANIC,40.852867,-73.920038
313328608,09/22/2025,08:20:00,QUEENS,OUTSIDE,105,0,STREET,<18,M,BLACK,40.696298,-73.74409
313506297,09/26/2025,03:59:00,MANHATTAN,OUTSIDE,34,0,STREET,25-44,M,BLACK HISPANIC,40.865311,-73.91968
310276532,07/26/2025,21:24:00,BRONX,OUTSIDE,42,0,HOUSING,25-44,M,WHITE HISPANIC,40.827795,-73.899003
310276536,07/26/2025,00:50:00,MANHATTAN,OUTSIDE,6,0,STREET,25-44,M,BLACK,40.728697,-73.998422
308455428,06/22/2025,05:35:00,BROOKLYN,OUTSIDE,73,0,STREET,25-44,M,BLACK,40.663054,-73.910972
301321141,02/14/2025,22:00:00,STATEN ISLAND,OUTSIDE,120,0,STREET,25-44,M,BLACK,40.616831,-74.102618
308895330,07/01/2025,01:35:00,STATEN ISLAND,OUTSIDE,120,0,STREET,25-44,M,BLACK,40.640055,-74.086121
312151472,08/31/2025,05:45:00,BRONX,OUTSIDE,47,0,STREET,18-24,M,WHITE HISPANIC,40.86848115,-73.83264872
310000252,07/21/2025,18:28:00,MANHATTAN,OUTSIDE,28,2,HOUSING,25-44,M,BLACK,40.80072072,-73.95063603
305266332,04/24/2025,03:25:00,BROOKLYN,INSIDE,70,0,DWELLING,25-44,M,BLACK,40.645351,-73.957374
304263629,04/05/2025,17:45:00,BRONX,OUTSIDE,46,0,STREET,18-24,M,BLACK HISPANIC,40.846216,-73.909699
312202110,09/01/2025,19:34:00,BRONX,OUTSIDE,49,0,STREET,25-44,M,BLACK,40.865427,-73.867866
309605579,07/14/2025,14:30:00,MANHATTAN,OUTSIDE,32,2,HOUSING,25-44,F,BLACK,40.821238,-73.943094
307680263,06/06/2025,16:15:00,BROOKLYN,OUTSIDE,77,0,STREET,18-24,M,BLACK,40.672144,-73.926631
305806355,05/04/2025,04:38:00,BROOKLYN,OUTSIDE,88,2,HOUSING,<18,M,BLACK,40.695076,-73.975117
305364225,04/25/2025,18:23:00,BROOKLYN,OUTSIDE,67,0,STREET,25-44,F,BLACK,40.651845,-73.929888
307645264,06/05/2025,21:55:00,BRONX,OUTSIDE,42,2,HOUSING,<18,M,BLACK HISPANIC,40.82432,-73.905328
299313254,01/12/2025,12:53:00,BROOKLYN,OUTSIDE,67,0,STREET,25-44,M,BLACK,40.652778,-73.930494
307882015,06/10/2025,20:13:00,QUEENS,OUTSIDE,113,0,STREET,25-44,M,BLACK,40.677006,-73.790809
312414243,09/05/2025,10:20:00,QUEENS,OUTSIDE,107,0,STREET,<18,M,WHITE HISPANIC,40.71261218,-73.79321722
306610276,05/17/2025,21:57:00,BROOKLYN,OUTSIDE,75,0,STREET,18-24,M,BLACK,40.65961,-73.890327
310966077,08/10/2025,00:52:00,BRONX,OUTSIDE,48,0,STREET,25-44,M,BLACK,40.842152,-73.885375
298949942,01/03/2025,17:30:00,BRONX,OUTSIDE,44,0,STREET,<18,M,BLACK,40.843722,-73.917502
312191853,09/01/2025,02:05:00,BROOKLYN,OUTSIDE,60,0,STREET,18-24,M,WHITE,40.582628,-73.986225
301080543,02/13/2025,01:10:00,BROOKLYN,OUTSIDE,67,0,STREET,25-44,M,BLACK,40.64664336,-73.92459172
301860130,02/28/2025,19:12:00,MANHATTAN,OUTSIDE,32,0,STREET,25-44,M,BLACK,40.82849931,-73.93778057
305163494,04/22/2025,22:27:00,MANHATTAN,OUTSIDE,28,0,STREET,45-64,F,BLACK,40.800413,-73.950866
305163492,04/22/2025,22:31:00,BRONX,OUTSIDE,40,0,STREET,25-44,M,WHITE HISPANIC,40.803995,-73.913394
312371510,09/04/2025,02:49:00,BRONX,OUTSIDE,43,0,PLAYGROUND,25-44,M,WHITE HISPANIC,40.83536418,-73.88201334
307819260,06/09/2025,20:17:00,BRONX,OUTSIDE,41,0,STREET,25-44,M,WHITE HISPANIC,40.815794,-73.885866
305252462,04/23/2025,16:54:00,BRONX,OUTSIDE,50,0,STREET,25-44,M,WHITE,40.868709,-73.900738
310231264,07/25/2025,19:48:00,MANHATTAN,OUTSIDE,26,0,STREET,25-44,M,BLACK,40.813775,-73.955984
305252462,04/23/2025,16:54:00,BRONX,OUTSIDE,50,0,STREET,25-44,M,WHITE,40.868709,-73.900738
306214613,05/10/2025,20:33:00,BRONX,OUTSIDE,40,0,STREET,25-44,M,BLACK,40.808777,-73.923131
310061971,07/22/2025,15:40:00,BRONX,OUTSIDE,47,0,STREET,25-44,M,BLACK,40.88418496,-73.83361818
311324884,08/16/2025,21:35:00,QUEENS,OUTSIDE,107,0,STREET,45-64,M,ASIAN / PACIFIC ISLANDER,40.709574,-73.8181
309605577,07/14/2025,19:50:00,QUEENS,OUTSIDE,103,2,HOUSING,18-24,M,BLACK,40.696179,-73.794634
305372450,04/26/2025,03:56:00,QUEENS,OUTSIDE,114,0,STREET,25-44,M,ASIAN / PACIFIC ISLANDER,40.76942832,-73.91023928
301942915,03/02/2025,20:38:00,MANHATTAN,OUTSIDE,23,2,HOUSING,18-24,M,BLACK,40.797017,-73.942803
300295604,01/30/2025,16:45:00,BROOKLYN,OUTSIDE,77,0,STREET,<18,M,BLACK,40.674162,-73.938939
309456641,07/11/2025,01:00:00,BROOKLYN,INSIDE,75,0,COMMERCIAL,45-64,M,BLACK,40.654826,-73.887815
310613390,08/03/2025,03:30:00,QUEENS,OUTSIDE,110,0,STREET,18-24,M,BLACK,40.759739,-73.841212
305034042,04/19/2025,22:14:00,BRONX,OUTSIDE,43,0,HOUSING,45-64,M,BLACK,40.81655,-73.867665
308455131,06/21/2025,09:30:00,BRONX,OUTSIDE,42,0,STREET,25-44,M,BLACK,40.83604,-73.883824
310357834,07/28/2025,18:28:00,MANHATTAN,INSIDE,18,0,COMMERCIAL,25-44,F,WHITE,40.758128,-73.973298
305163494,04/22/2025,22:27:00,MANHATTAN,OUTSIDE,28,0,STREET,18-24,M,BLACK,40.800413,-73.950866
311991746,08/27/2025,08:30:00,BRONX,OUTSIDE,44,0,STREET,45-64,M,BLACK,40.838114,-73.91024
298909832,01/04/2025,14:56:00,BRONX,OUTSIDE,48,0,STREET,25-44,F,BLACK,40.847483,-73.883357
310820656,08/06/2025,14:00:00,MANHATTAN,OUTSIDE,6,0,STREET,18-24,M,WHITE HISPANIC,40.729478,-74.010637
307066944,05/26/2025,22:57:00,BROOKLYN,OUTSIDE,73,0,STREET,25-44,M,BLACK,40.680837,-73.912703
307442124,06/02/2025,21:55:00,BROOKLYN,INSIDE,83,0,DWELLING,25-44,M,BLACK,40.691437,-73.915478
309359260,07/09/2025,20:08:00,BROOKLYN,OUTSIDE,81,0,STREET,25-44,M,BLACK,40.681412,-73.927258
305036739,04/20/2025,06:35:00,BRONX,OUTSIDE,44,0,STREET,25-44,M,WHITE HISPANIC,0.0,0.0
306613733,05/18/2025,03:54:00,QUEENS,OUTSIDE,110,0,STREET,18-24,F,BLACK,40.739229,-73.884526
310624849,08/03/2025,06:02:00,BROOKLYN,INSIDE,73,2,HOUSING,18-24,M,BLACK,40.664869,-73.904191
305252462,04/23/2025,16:54:00,BRONX,OUTSIDE,50,0,STREET,25-44,F,WHITE HISPANIC,40.868709,-73.900738
310357834,07/28/2025,18:28:00,MANHATTAN,INSIDE,18,0,COMMERCIAL,25-44,M,BLACK,40.758128,-73.973298
306153155,05/09/2025,15:36:00,BROOKLYN,OUTSIDE,60,0,STREET,25-44,M,BLACK,40.576955,-74.002693
298909833,01/04/2025,16:50:00,MANHATTAN,OUTSIDE,28,0,STREET,25-44,M,BLACK,40.802702,-73.95263
307442124,06/02/2025,21:55:00,BROOKLYN,INSIDE,83,0,DWELLING,25-44,M,BLACK,40.691437,-73.915478
307729596,06/08/2025,05:20:00,BRONX,INSIDE,42,2,HOUSING,<18,F,WHITE HISPANIC,40.821644,-73.906059
305570691,04/29/2025,22:03:00,BROOKLYN,OUTSIDE,79,0,HOUSING,25-44,M,BLACK,40.688215,-73.946331
309492261,07/12/2025,08:12:00,QUEENS,OUTSIDE,103,0,STREET,25-44,M,BLACK,40.689221,-73.798557
313716449,09/30/2025,17:56:00,BRONX,OUTSIDE,48,0,STREET,25-44,M,BLACK,40.85777,-73.894607
311113697,08/12/2025,19:26:00,BRONX,OUTSIDE,45,0,STREET,18-24,M,BLACK,40.876363,-73.82735
311327863,08/17/2025,03:27:00,BROOKLYN,OUTSIDE,71,0,COMMERCIAL,45-64,M,BLACK,40.66759,-73.959087
312520592,09/07/2025,19:55:00,QUEENS,OUTSIDE,113,0,STREET,25-44,M,BLACK,40.672712,-73.773677
310937083,08/09/2025,01:19:00,MANHATTAN,OUTSIDE,14,0,STREET,18-24,M,BLACK,40.75759,-73.98659
301256132,02/17/2025,18:20:00,BRONX,OUTSIDE,48,0,STREET,45-64,M,WHITE HISPANIC,40.854039,-73.884046
313226418,09/20/2025,00:54:00,BROOKLYN,OUTSIDE,61,2,HOUSING,25-44,F,BLACK,40.597121,-73.941251
308833788,06/29/2025,01:00:00,QUEENS,OUTSIDE,106,0,STREET,25-44,M,ASIAN / PACIFIC ISLANDER,40.6738,-73.838858
310966076,08/10/2025,01:26:00,BROOKLYN,OUTSIDE,83,0,STREET,25-44,M,BLACK,40.698491,-73.934375
308717968,06/26/2025,22:40:00,BROOKLYN,OUTSIDE,69,0,STREET,18-24,M,BLACK,40.636975,-73.897943
309147862,07/05/2025,18:25:00,BRONX,OUTSIDE,44,0,STREET,45-64,M,BLACK,40.835778,-73.918935
312151470,08/31/2025,06:50:00,BRONX,OUTSIDE,50,0,STREET,<18,F,BLACK HISPANIC,40.891194,-73.879678
305163492,04/22/2025,22:31:00,BRONX,OUTSIDE,40,0,STREET,25-44,M,WHITE HISPANIC,40.803995,-73.913394
309415106,07/10/2025,15:38:00,QUEENS,INSIDE,101,0,STREET,<18,M,BLACK,40.60629,-73.754219
312259913,09/02/2025,19:35:00,STATEN ISLAND,OUTSIDE,120,0,STREET,25-44,M,WHITE HISPANIC,40.634709,-74.124241
299329906,01/12/2025,23:00:00,BRONX,INSIDE,43,0,DWELLING,25-44,M,BLACK HISPANIC,40.830446,-73.875789
310305490,07/27/2025,22:20:00,BRONX,OUTSIDE,40,0,HOUSING,45-64,M,BLACK HISPANIC,40.814191,-73.923568
313049936,09/17/2025,02:19:00,BRONX,OUTSIDE,43,0,STREET,<18,M,BLACK HISPANIC,40.82789,-73.875192
304555922,04/10/2025,20:15:00,BROOKLYN,OUTSIDE,73,2,HOUSING,18-24,M,BLACK,40.664869,-73.904191
306522955,05/15/2025,13:02:00,BRONX,OUTSIDE,46,0,STREET,45-64,M,BLACK,40.8473266,-73.90374022
305404407,04/27/2025,01:48:00,BROOKLYN,OUTSIDE,75,0,STREET,45-64,M,BLACK,40.67254891,-73.86260381
310966078,08/10/2025,01:29:00,BROOKLYN,OUTSIDE,67,0,STREET,25-44,M,BLACK,40.638991,-73.927068
305637547,04/30/2025,22:00:00,BROOKLYN,OUTSIDE,73,0,STREET,25-44,M,BLACK,40.656413,-73.912211
308064914,06/14/2025,01:58:00,BRONX,OUTSIDE,47,0,STREET,25-44,M,BLACK,40.877631,-73.836141
311327863,08/17/2025,03:27:00,BROOKLYN,OUTSIDE,71,0,COMMERCIAL,45-64,M,BLACK,40.66759,-73.959087
307945955,06/11/2025,21:09:00,QUEENS,INSIDE,109,2,HOUSING,25-44,M,BLACK,40.765885,-73.831162
304361735,04/07/2025,23:44:00,MANHATTAN,OUTSIDE,34,0,STREET,25-44,M,BLACK HISPANIC,40.85617993,-73.92871375
309067485,07/03/2025,21:33:00,BROOKLYN,OUTSIDE,79,0,STREET,45-64,M,BLACK,40.68983861,-73.94519749
311296881,08/16/2025,00:44:00,QUEENS,OUTSIDE,100,2,HOUSING,25-44,M,BLACK,40.589919,-73.808287
305412876,04/27/2025,06:31:00,QUEENS,OUTSIDE,108,0,STREET,UNKNOWN,M,UNKNOWN,0.0,0.0
306837529,05/21/2025,17:50:00,BRONX,OUTSIDE,52,0,STREET,18-24,M,WHITE HISPANIC,40.879731,-73.875662
311327863,08/17/2025,03:27:00,BROOKLYN,OUTSIDE,71,0,COMMERCIAL,25-44,F,BLACK,40.66759,-73.959087
308965098,07/02/2025,02:50:00,MANHATTAN,OUTSIDE,32,0,STREET,25-44,M,BLACK,40.808017,-73.952753
308800539,06/29/2025,02:58:00,BROOKLYN,OUTSIDE,73,0,STREET,25-44,M,BLACK,40.66137,-73.906206
312200895,09/01/2025,17:35:00,BROOKLYN,OUTSIDE,71,0,STREET,25-44,F,BLACK,40.668883,-73.932505
300189409,01/28/2025,17:50:00,BROOKLYN,OUTSIDE,71,0,STREET,18-24,M,BLACK,40.662613,-73.946765
310966077,08/10/2025,00:52:00,BRONX,OUTSIDE,48,0,STREET,18-24,F,BLACK,40.842152,-73.885375
311757222,08/23/2025,19:27:00,BRONX,OUTSIDE,47,0,PLAYGROUND,<18,F,BLACK,40.87413587,-73.84086067
305054141,04/20/2025,13:50:00,BRONX,OUTSIDE,40,2,HOUSING,25-44,M,BLACK,40.812701,-73.921625
310352507,07/28/2025,05:58:00,BRONX,OUTSIDE,45,0,STREET,18-24,M,BLACK HISPANIC,40.816894,-73.838807
309415108,07/10/2025,20:54:00,MANHATTAN,OUTSIDE,25,0,STREET,25-44,M,WHITE HISPANIC,40.801288,-73.936073
305304921,04/24/2025,22:04:00,BROOKLYN,OUTSIDE,73,0,STREET,18-24,M,BLACK,40.679158,-73.911012
306101739,05/08/2025,20:42:00,MANHATTAN,OUTSIDE,24,0,STREET,45-64,F,WHITE,40.799044,-73.959308
300827432,02/08/2025,01:58:00,BRONX,OUTSIDE,49,0,DWELLING,45-64,M,BLACK,40.846355,-73.858191
309175595,07/06/2025,15:30:00,BRONX,OUTSIDE,42,0,STREET,18-24,M,WHITE HISPANIC,40.840013,-73.898651
310276531,07/27/2025,01:05:00,BROOKLYN,OUTSIDE,69,0,STREET,45-64,M,BLACK,40.64890978,-73.89255234
308510108,06/23/2025,01:57:00,BRONX,OUTSIDE,42,0,STREET,18-24,M,BLACK HISPANIC,40.826351,-73.906207
305513706,04/29/2025,00:27:00,BROOKLYN,OUTSIDE,67,0,STREET,<18,M,BLACK,40.637804,-73.942377
313097430,09/17/2025,23:20:00,BRONX,OUTSIDE,44,0,STREET,25-44,M,BLACK,40.834504,-73.913373
298756517,01/01/2025,05:15:00,BRONX,OUTSIDE,44,0,STREET,18-24,M,BLACK,40.83712653,-73.90963478
311756929,08/23/2025,17:26:00,BRONX,OUTSIDE,47,0,STREET,18-24,M,BLACK,40.878261,-73.865964
309605579,07/14/2025,14:30:00,MANHATTAN,OUTSIDE,32,2,HOUSING,25-44,M,BLACK,40.821238,-73.943094
311407432,08/18/2025,23:26:00,QUEENS,OUTSIDE,101,0,DWELLING,25-44,M,BLACK,40.589791,-73.788678
301320655,02/18/2025,08:18:00,MANHATTAN,INSIDE,7,2,HOUSING,45-64,M,BLACK,40.713385,-73.982369
301565780,02/23/2025,19:50:00,BRONX,OUTSIDE,49,0,STREET,25-44,M,BLACK,40.855571,-73.86766
302818234,03/14/2025,16:24:00,MANHATTAN,OUTSIDE,32,0,STREET,<18,M,BLACK,40.829459,-73.937956
307034263,05/26/2025,02:33:00,BROOKLYN,OUTSIDE,79,0,STREET,18-24,M,BLACK,40.695549,-73.947788
313097430,09/17/2025,23:20:00,BRONX,OUTSIDE,44,0,STREET,25-44,M,BLACK,40.834504,-73.913373
313324717,09/22/2025,21:53:00,BRONX,INSIDE,44,0,DWELLING,18-24,M,BLACK,40.827059,-73.91504
306616097,05/18/2025,06:04:00,BROOKLYN,OUTSIDE,88,0,STREET,18-24,M,BLACK,40.69164048,-73.97155947
307386905,06/01/2025,16:10:00,MANHATTAN,OUTSIDE,7,0,STREET,25-44,M,BLACK,40.717872,-73.986177
309026330,07/03/2025,01:25:00,BROOKLYN,OUTSIDE,84,2,HOUSING,45-64,M,BLACK,40.699746,-73.981699
306651416,05/18/2025,18:45:00,BRONX,OUTSIDE,46,0,STREET,25-44,F,WHITE HISPANIC,40.860085,-73.89363
301806225,02/27/2025,15:55:00,BRONX,OUTSIDE,48,0,STREET,18-24,M,BLACK,40.844108,-73.88847
301273671,02/18/2025,01:23:00,BROOKLYN,INSIDE,75,2,HOUSING,25-44,M,BLACK,40.656246,-73.888868
313259953,09/21/2025,04:46:00,BROOKLYN,OUTSIDE,90,0,STREET,25-44,M,BLACK HISPANIC,40.706761,-73.949302
307299375,05/30/2025,12:42:00,BRONX,OUTSIDE,42,0,STREET,18-24,M,BLACK,40.839376,-73.896001
312906066,09/14/2025,20:22:00,BRONX,OUTSIDE,40,0,STREET,25-44,F,BLACK HISPANIC,40.818468,-73.917681
308355727,06/19/2025,16:21:00,BROOKLYN,OUTSIDE,67,0,STREET,25-44,M,BLACK,40.63680383,-73.93941133
310215605,07/25/2025,00:25:00,BRONX,OUTSIDE,44,0,STREET,25-44,M,BLACK,40.836266,-73.911328
303241624,03/19/2025,20:19:00,BRONX,OUTSIDE,43,2,HOUSING,25-44,M,BLACK,40.835443,-73.878147
304094455,04/02/2025,21:19:00,BROOKLYN,OUTSIDE,75,0,STREET,18-24,M,BLACK,40.667992,-73.861001
312202110,09/01/2025,19:34:00,BRONX,OUTSIDE,49,0,STREET,18-24,M,BLACK,40.865427,-73.867866
311757222,08/23/2025,19:27:00,BRONX,OUTSIDE,47,0,PLAYGROUND,25-44,M,BLACK,40.87413587,-73.84086067
303241625,03/19/2025,17:50:00,BROOKLYN,OUTSIDE,84,0,STREET,18-24,M,BLACK,40.7007342,-73.98972871
312202111,09/01/2025,21:38:00,BROOKLYN,OUTSIDE,77,0,STREET,<18,M,BLACK,40.668731,-73.929736
303515770,03/23/2025,14:25:00,BROOKLYN,OUTSIDE,69,0,STREET,18-24,M,BLACK,40.638492,-73.895592
301377739,02/19/2025,17:48:00,BRONX,OUTSIDE,44,0,STREET,18-24,M,BLACK HISPANIC,40.826428,-73.914965
306501157,05/15/2025,16:47:00,QUEENS,OUTSIDE,110,0,STREET,<18,M,WHITE HISPANIC,40.739667,-73.851703
305637547,04/30/2025,22:00:00,BROOKLYN,OUTSIDE,73,0,STREET,18-24,M,BLACK,40.656413,-73.912211
309026329,07/03/2025,06:30:00,BROOKLYN,OUTSIDE,67,0,STREET,25-44,M,BLACK,40.652245,-73.910234
305128574,04/22/2025,04:11:00,BROOKLYN,OUTSIDE,67,0,STREET,25-44,M,BLACK,40.65077,-73.950476
309107260,07/05/2025,00:10:00,BRONX,OUTSIDE,49,0,STREET,25-44,M,BLACK,40.86660704,-73.86915907
308204996,06/17/2025,07:40:00,BRONX,OUTSIDE,40,0,STREET,25-44,M,BLACK HISPANIC,40.814137,-73.909771
308763150,06/28/2025,03:53:00,BROOKLYN,OUTSIDE,67,0,STREET,18-24,M,BLACK,40.65896644,-73.91908854
313583874,09/28/2025,10:45:00,BROOKLYN,OUTSIDE,69,0,STREET,25-44,M,BLACK,40.629325,-73.884697
310276530,07/27/2025,00:12:00,BROOKLYN,INSIDE,81,0,TRANSIT,18-24,M,BLACK,40.678423,-73.913317
309710232,07/16/2025,00:08:00,BRONX,OUTSIDE,48,0,STREET,18-24,M,BLACK,40.857993,-73.893022
311327863,08/17/2025,03:27:00,BROOKLYN,OUTSIDE,71,0,COMMERCIAL,18-24,M,BLACK,40.66759,-73.959087
312143982,08/30/2025,15:09:00,MANHATTAN,OUTSIDE,33,2,HOUSING,25-44,M,BLACK,40.845223,-73.933961
301529588,02/22/2025,18:14:00,BRONX,OUTSIDE,47,2,HOUSING,25-44,M,BLACK,40.886646,-73.847675
313356141,09/23/2025,16:29:00,BROOKLYN,INSIDE,60,0,STREET,25-44,M,BLACK,40.576693,-73.984244
311661547,08/22/2025,19:05:00,BROOKLYN,OUTSIDE,67,0,STREET,45-64,F,BLACK,40.65093,-73.930295
309112262,07/05/2025,03:00:00,BRONX,OUTSIDE,43,0,STREET,18-24,M,WHITE HISPANIC,40.829377,-73.875059
313381512,09/22/2025,23:20:00,BROOKLYN,OUTSIDE,69,0,STREET,<18,M,BLACK,40.641536,-73.893052
300364619,01/31/2025,22:47:00,BROOKLYN,OUTSIDE,62,0,STREET,25-44,M,WHITE HISPANIC,40.610175,-73.984427
304768635,04/15/2025,02:00:00,BROOKLYN,INSIDE,79,0,HOUSING,18-24,M,BLACK,40.696493,-73.949429
308312285,06/18/2025,16:40:00,QUEENS,OUTSIDE,101,2,HOUSING,<18,M,BLACK,40.59587,-73.781896
312380154,09/04/2025,14:40:00,BROOKLYN,OUTSIDE,75,0,STREET,18-24,M,BLACK,40.67285815,-73.87130201
309112259,07/05/2025,01:31:00,BROOKLYN,OUTSIDE,70,0,STREET,25-44,M,BLACK,40.653675,-73.962788
298756519,01/01/2025,23:18:00,QUEENS,OUTSIDE,103,0,COMMERCIAL,<18,M,BLACK,40.700318,-73.809959
311380346,08/18/2025,01:41:00,BROOKLYN,OUTSIDE,81,0,STREET,25-44,M,BLACK,40.684406,-73.93384
309359261,07/09/2025,23:25:00,BRONX,OUTSIDE,50,2,HOUSING,25-44,M,BLACK,40.875092,-73.906142
309948364,07/20/2025,15:45:00,STATEN ISLAND,OUTSIDE,120,0,STREET,45-64,M,ASIAN / PACIFIC ISLANDER,40.625911,-74.076372
308312284,06/18/2025,17:30:00,QUEENS,OUTSIDE,116,0,STREET,25-44,M,BLACK,40.677916,-73.737329
312202110,09/01/2025,19:34:00,BRONX,OUTSIDE,49,0,STREET,25-44,M,BLACK,40.865427,-73.867866
310357834,07/28/2025,18:28:00,MANHATTAN,INSIDE,18,0,COMMERCIAL,25-44,M,WHITE,40.758128,-73.973298
309788525,07/17/2025,22:23:00,QUEENS,OUTSIDE,109,0,STREET,45-64,M,WHITE HISPANIC,40.772534,-73.848824
306394911,05/14/2025,05:56:00,BROOKLYN,OUTSIDE,76,0,STREET,45-64,M,WHITE,40.673607,-74.00012
305570207,04/29/2025,14:30:00,BRONX,INSIDE,48,0,DWELLING,25-44,M,BLACK,40.841865,-73.880423
305637547,04/30/2025,22:00:00,BROOKLYN,OUTSIDE,73,0,STREET,18-24,M,BLACK,40.656413,-73.912211
308261626,06/18/2025,01:59:00,BROOKLYN,OUTSIDE,75,0,DWELLING,18-24,M,WHITE HISPANIC,40.685062,-73.870501
303241626,03/17/2025,15:31:00,MANHATTAN,OUTSIDE,23,2,HOUSING,18-24,M,BLACK,40.787568,-73.943131
313226417,09/20/2025,00:30:00,BRONX,OUTSIDE,41,0,STREET,45-64,M,BLACK HISPANIC,40.822485,-73.898917
306613733,05/18/2025,03:54:00,QUEENS,OUTSIDE,110,0,STREET,18-24,M,BLACK,40.739229,-73.884526
305163494,04/22/2025,22:27:00,MANHATTAN,OUTSIDE,28,0,STREET,45-64,F,BLACK,40.800413,-73.950866
308045739,06/13/2025,19:16:00,BROOKLYN,OUTSIDE,75,2,HOUSING,25-44,M,ASIAN / PACIFIC ISLANDER,40.667662,-73.87046
302446875,03/11/2025,14:15:00,BROOKLYN,OUTSIDE,90,0,COMMERCIAL,18-24,M,WHITE HISPANIC,40.707502,-73.949418
308455132,06/21/2025,19:17:00,BROOKLYN,OUTSIDE,83,0,STREET,<18,M,BLACK,40.681907,-73.90869
311045536,08/11/2025,16:40:00,BRONX,OUTSIDE,47,2,HOUSING,<18,M,BLACK HISPANIC,0.0,0.0
303898920,03/30/2025,22:50:00,BROOKLYN,INSIDE,75,0,DWELLING,45-64,M,BLACK,40.676364,-73.891718
306298652,05/12/2025,17:00:00,BRONX,OUTSIDE,42,0,STREET,<18,F,BLACK,40.827815,-73.900368
311007795,08/11/2025,06:00:00,BROOKLYN,OUTSIDE,70,0,COMMERCIAL,25-44,M,BLACK HISPANIC,40.63102,-73.976609
312000019,08/27/2025,12:25:00,MANHATTAN,OUTSIDE,23,0,STREET,65+,F,BLACK,40.79615766,-73.94764535
305404408,04/27/2025,03:40:00,MANHATTAN,OUTSIDE,30,0,STREET,25-44,M,BLACK,40.825456,-73.951169
306214613,05/10/2025,20:33:00,BRONX,OUTSIDE,40,0,STREET,25-44,M,BLACK,40.808777,-73.923131
299633735,01/17/2025,10:30:00,QUEENS,OUTSIDE,113,0,DWELLING,25-44,M,BLACK,40.680413,-73.768172
305963806,05/06/2025,21:25:00,BROOKLYN,OUTSIDE,71,0,COMMERCIAL,18-24,M,BLACK,40.665184,-73.930383
311324885,08/17/2025,02:30:00,BRONX,OUTSIDE,43,0,STREET,25-44,M,BLACK,40.824727,-73.91893
309560882,07/13/2025,21:35:00,BROOKLYN,OUTSIDE,77,0,HOUSING,25-44,M,BLACK,40.675616,-73.926657
310143396,07/24/2025,00:38:00,BROOKLYN,OUTSIDE,75,0,STREET,18-24,M,BLACK,40.669641,-73.866665
310966077,08/10/2025,00:52:00,BRONX,OUTSIDE,48,0,STREET,25-44,F,WHITE HISPANIC,40.842152,-73.885375
305252462,04/23/2025,16:54:00,BRONX,OUTSIDE,50,0,STREET,25-44,M,WHITE,40.868709,-73.900738
304923535,04/17/2025,17:03:00,MANHATTAN,OUTSIDE,26,2,HOUSING,25-44,M,WHITE HISPANIC,40.815983,-73.957292
310276533,07/26/2025,20:48:00,BRONX,OUTSIDE,44,0,STREET,18-24,M,BLACK,40.834052,-73.927396
298949942,01/03/2025,17:30:00,BRONX,OUTSIDE,44,0,STREET,<18,M,WHITE HISPANIC,40.843722,-73.917502
311196839,08/10/2025,19:40:00,QUEENS,OUTSIDE,106,0,STREET,25-44,M,BLACK,40.675136,-73.858483
312259912,09/02/2025,22:35:00,BRONX,OUTSIDE,44,0,STREET,25-44,M,WHITE HISPANIC,40.840796,-73.914
308717968,06/26/2025,22:40:00,BROOKLYN,OUTSIDE,69,0,STREET,25-44,M,BLACK,40.636975,-73.897943
311756931,08/23/2025,19:06:00,BRONX,OUTSIDE,40,0,STREET,25-44,M,BLACK,40.813511,-73.917679
300197279,01/28/2025,15:30:00,BROOKLYN,INSIDE,67,0,DWELLING,<18,M,BLACK,40.662519,-73.927012
310566279,08/01/2025,17:34:00,BROOKLYN,OUTSIDE,84,0,STREET,25-44,M,BLACK,40.691854,-73.987325
311328373,08/17/2025,07:17:00,BRONX,INSIDE,44,0,DWELLING,18-24,F,WHITE HISPANIC,40.843722,-73.917502
309729176,07/16/2025,23:30:00,BROOKLYN,OUTSIDE,75,0,STREET,18-24,M,BLACK,40.649059,-73.88408
310707257,08/05/2025,00:50:00,MANHATTAN,OUTSIDE,7,0,HOUSING,25-44,M,BLACK,40.71289,-73.980784
305930898,05/06/2025,14:56:00,BRONX,INSIDE,48,0,COMMERCIAL,25-44,M,BLACK,40.840135,-73.882097
301250437,02/17/2025,19:42:00,BRONX,OUTSIDE,42,2,HOUSING,25-44,M,BLACK HISPANIC,40.832631,-73.888444
312764904,09/11/2025,23:53:00,BROOKLYN,OUTSIDE,79,2,HOUSING,18-24,F,BLACK,40.688215,-73.946331
303478971,03/22/2025,22:55:00,STATEN ISLAND,OUTSIDE,121,0,STREET,25-44,M,BLACK,40.637325,-74.162356
305034044,04/19/2025,22:19:00,BROOKLYN,OUTSIDE,67,0,COMMERCIAL,25-44,M,WHITE HISPANIC,40.640973,-73.929232
309788907,07/17/2025,20:18:00,MANHATTAN,OUTSIDE,32,0,STREET,18-24,M,BLACK,40.81031855,-73.94362441
311757222,08/23/2025,19:27:00,BRONX,OUTSIDE,47,0,PLAYGROUND,25-44,M,BLACK,40.87413587,-73.84086067
298756515,01/01/2025,13:00:00,BRONX,INSIDE,52,0,DWELLING,18-24,M,WHITE HISPANIC,40.864789,-73.895355
313028799,09/16/2025,14:30:00,MANHATTAN,OUTSIDE,7,0,STREET,45-64,F,WHITE,40.713981,-73.987146
307892883,06/10/2025,23:35:00,BROOKLYN,OUTSIDE,88,0,HOUSING,25-44,M,BLACK,40.694251,-73.976019
299001015,01/06/2025,14:20:00,BRONX,OUTSIDE,45,0,STREET,<18,M,BLACK,40.872188,-73.830103
300261481,01/29/2025,13:30:00,QUEENS,OUTSIDE,114,0,HOUSING,25-44,M,BLACK,40.77447,-73.932605
300354793,01/31/2025,16:31:00,BRONX,OUTSIDE,44,0,OTHER,45-64,M,BLACK,40.841989,-73.924494
311327863,08/17/2025,03:27:00,BROOKLYN,OUTSIDE,71,0,COMMERCIAL,45-64,M,BLACK,40.66759,-73.959087
306610276,05/17/2025,21:57:00,BROOKLYN,OUTSIDE,75,0,STREET,18-24,F,BLACK,40.65961,-73.890327
307259944,05/29/2025,00:21:00,QUEENS,OUTSIDE,101,0,STREET,25-44,M,BLACK,40.60046388,-73.75209442
310357834,07/28/2025,18:28:00,MANHATTAN,INSIDE,18,0,COMMERCIAL,25-44,M,ASIAN / PACIFIC ISLANDER,40.758128,-73.973298
310966079,08/10/2025,02:28:00,BROOKLYN,OUTSIDE,75,0,STREET,18-24,M,WHITE HISPANIC,40.685966,-73.87385
306755455,05/20/2025,10:20:00,QUEENS,OUTSIDE,101,0,DWELLING,25-44,M,WHITE HISPANIC,40.591031,-73.786126
305163494,04/22/2025,22:27:00,MANHATTAN,OUTSIDE,28,0,STREET,18-24,M,BLACK,40.800413,-73.950866
311991746,08/27/2025,08:30:00,BRONX,OUTSIDE,44,0,STREET,45-64,M,BLACK,40.838114,-73.91024
311327863,08/17/2025,03:27:00,BROOKLYN,OUTSIDE,71,0,COMMERCIAL,25-44,M,BLACK,40.66759,-73.959087
310919159,08/08/2025,16:44:00,BRONX,OUTSIDE,47,0,STREET,25-44,M,WHITE HISPANIC,40.88159915,-73.8296431
298949943,01/05/2025,07:19:00,BROOKLYN,INSIDE,60,0,DWELLING,25-44,M,BLACK,40.577192,-74.000571
311327863,08/17/2025,03:27:00,BROOKLYN,OUTSIDE,71,0,COMMERCIAL,25-44,F,BLACK,40.66759,-73.959087
305062372,04/20/2025,18:48:00,BRONX,OUTSIDE,46,0,STREET,18-24,M,BLACK,40.85525224,-73.91276232
307142686,05/09/2025,09:01:00,BRONX,OUTSIDE,52,0,STREET,25-44,F,BLACK,40.858851,-73.905297
309673252,07/15/2025,16:56:00,BRONX,OUTSIDE,48,0,STREET,25-44,M,WHITE HISPANIC,40.853083,-73.885003
310368190,07/29/2025,01:40:00,BRONX,INSIDE,52,2,HOUSING,25-44,M,WHITE HISPANIC,40.870065,-73.906107
312710728,09/10/2025,13:52:00,BROOKLYN,OUTSIDE,77,0,STREET,18-24,M,BLACK,40.669865,-73.925454
305372450,04/26/2025,03:56:00,QUEENS,OUTSIDE,114,0,STREET,25-44,M,ASIAN / PACIFIC ISLANDER,40.76942832,-73.91023928
305364225,04/25/2025,18:23:00,BROOKLYN,OUTSIDE,67,0,STREET,25-44,F,BLACK,40.651845,-73.929888
305709030,05/01/2025,14:47:00,BROOKLYN,OUTSIDE,67,0,STREET,45-64,M,BLACK,40.651379,-73.926438
304022768,04/01/2025,23:09:00,BRONX,INSIDE,47,0,DWELLING,25-44,F,WHITE HISPANIC,40.8783,-73.846009
310566278,08/01/2025,17:09:00,BROOKLYN,INSIDE,79,2,HOUSING,25-44,M,BLACK,40.698389,-73.942551
310966077,08/10/2025,00:52:00,BRONX,OUTSIDE,48,0,STREET,25-44,F,WHITE HISPANIC,40.842152,-73.885375
306769600,05/20/2025,21:00:00,BRONX,OUTSIDE,52,0,STREET,25-44,M,BLACK HISPANIC,40.86271768,-73.90229353
298909834,01/04/2025,22:35:00,BRONX,OUTSIDE,47,0,STREET,25-44,M,AMERICAN INDIAN/ALASKAN NATIVE,40.890286,-73.859106
311931928,08/26/2025,13:10:00,BRONX,OUTSIDE,43,0,HOUSING,25-44,M,BLACK HISPANIC,40.819274,-73.868271
303898920,03/30/2025,22:50:00,BROOKLYN,INSIDE,75,0,DWELLING,65+,M,BLACK,40.676364,-73.891718
311991746,08/27/2025,08:30:00,BRONX,OUTSIDE,44,0,STREET,25-44,M,BLACK,40.838114,-73.91024
305036739,04/20/2025,06:35:00,BRONX,OUTSIDE,44,0,STREET,25-44,M,WHITE HISPANIC,0.0,0.0
302197816,03/06/2025,13:45:00,BRONX,INSIDE,40,2,HOUSING,25-44,M,BLACK,40.812701,-73.921625
311423745,08/19/2025,01:40:00,MANHATTAN,OUTSIDE,32,0,DWELLING,25-44,M,BLACK,40.814731,-73.9383
311078805,08/12/2025,14:45:00,QUEENS,OUTSIDE,101,0,STREET,18-24,M,BLACK,40.602292,-73.752764
304617623,04/11/2025,21:55:00,BROOKLYN,OUTSIDE,60,0,STREET,45-64,M,BLACK,40.58081,-73.956017
300555969,02/04/2025,10:30:00,BROOKLYN,OUTSIDE,73,2,HOUSING,<18,M,BLACK,40.672802,-73.914047
306214612,05/10/2025,16:18:00,QUEENS,OUTSIDE,113,2,HOUSING,18-24,M,BLACK,40.685325,-73.783631
306572212,05/16/2025,23:55:00,BROOKLYN,OUTSIDE,67,0,DWELLING,25-44,M,BLACK,40.647379,-73.927963
311113697,08/12/2025,19:26:00,BRONX,OUTSIDE,45,0,STREET,18-24,M,BLACK,40.876363,-73.82735
309605579,07/14/2025,14:30:00,MANHATTAN,OUTSIDE,32,2,HOUSING,25-44,M,BLACK,40.821238,-73.943094
307654877,06/06/2025,01:49:00,BROOKLYN,OUTSIDE,69,0,STREET,25-44,M,BLACK,0.0,0.0
300802097,02/08/2025,21:12:00,BROOKLYN,OUTSIDE,75,0,STREET,45-64,M,BLACK,40.666385,-73.899276
304923534,04/17/2025,13:30:00,BRONX,OUTSIDE,47,0,STREET,18-24,M,BLACK,40.880696,-73.857641
308478573,06/22/2025,07:07:00,BRONX,OUTSIDE,41,2,HOUSING,45-64,M,WHITE HISPANIC,40.818188,-73.888909
305637545,04/30/2025,22:40:00,QUEENS,OUTSIDE,103,0,STREET,18-24,M,WHITE HISPANIC,40.70999809,-73.79262296
311327863,08/17/2025,03:27:00,BROOKLYN,OUTSIDE,71,0,COMMERCIAL,25-44,F,BLACK,40.66759,-73.959087
302972628,03/16/2025,15:41:00,BROOKLYN,OUTSIDE,81,0,STREET,18-24,M,BLACK,40.687,-73.937344
310613391,08/03/2025,00:35:00,BROOKLYN,OUTSIDE,73,0,STREET,25-44,M,BLACK,40.671865,-73.904977
305637549,04/30/2025,04:47:00,MANHATTAN,OUTSIDE,18,0,STREET,25-44,M,ASIAN / PACIFIC ISLANDER,40.75919967,-73.98461925
308355727,06/19/2025,16:21:00,BROOKLYN,OUTSIDE,67,0,STREET,25-44,M,BLACK,40.63680383,-73.93941133
298756516,01/01/2025,21:22:00,BRONX,OUTSIDE,40,2,HOUSING,<18,M,WHITE HISPANIC,40.814191,-73.923568
303301268,03/20/2025,08:00:00,BROOKLYN,OUTSIDE,83,2,HOUSING,25-44,M,BLACK,40.696427,-73.918193
313205396,09/19/2025,18:36:00,STATEN ISLAND,OUTSIDE,120,0,STREET,<18,M,BLACK,40.637057,-74.120708
307066945,05/26/2025,17:28:00,BRONX,INSIDE,42,2,HOUSING,<18,M,BLACK HISPANIC,40.834204,-73.905275
312100260,08/29/2025,20:57:00,BRONX,OUTSIDE,52,0,STREET,25-44,M,BLACK HISPANIC,40.862367,-73.892544
310966078,08/10/2025,01:29:00,BROOKLYN,OUTSIDE,67,0,STREET,45-64,M,BLACK,40.638991,-73.927068
310122095,07/23/2025,11:57:00,BROOKLYN,OUTSIDE,75,0,HOUSING,<18,M,BLACK,40.672585,-73.873262
302317359,03/09/2025,14:00:00,QUEENS,OUTSIDE,110,0,STREET,18-24,M,BLACK,40.737301,-73.863612
300412111,02/01/2025,23:25:00,BROOKLYN,OUTSIDE,90,0,STREET,25-44,M,BLACK,40.70588893,-73.94296613
310613391,08/03/2025,00:35:00,BROOKLYN,OUTSIDE,73,0,STREET,25-44,M,BLACK,40.671865,-73.904977
310276535,07/26/2025,03:40:00,BRONX,OUTSIDE,45,0,STREET,18-24,M,BLACK,40.818861,-73.838154
307945955,06/11/2025,21:09:00,QUEENS,INSIDE,109,2,HOUSING,25-44,M,BLACK,40.765885,-73.831162
305570691,04/29/2025,22:03:00,BROOKLYN,OUTSIDE,79,0,HOUSING,25-44,F,BLACK,40.688215,-73.946331
305034043,04/20/2025,01:57:00,BROOKLYN,OUTSIDE,81,2,HOUSING,25-44,F,BLACK,40.688406,-73.931642
312454774,09/06/2025,03:06:00,BROOKLYN,OUTSIDE,79,2,HOUSING,25-44,M,BLACK,40.698016,-73.945876
311756929,08/23/2025,17:26:00,BRONX,OUTSIDE,47,0,STREET,25-44,M,BLACK,40.878261,-73.865964
309112262,07/05/2025,03:00:00,BRONX,OUTSIDE,43,0,STREET,25-44,M,BLACK,40.829377,-73.875059
308535721,06/23/2025,21:06:00,BRONX,OUTSIDE,45,0,PLAYGROUND,18-24,M,BLACK,40.84850062,-73.82048556
305918735,05/06/2025,08:57:00,BRONX,OUTSIDE,41,2,HOUSING,25-44,M,BLACK,40.817218,-73.888327
309605579,07/14/2025,14:30:00,MANHATTAN,OUTSIDE,32,2,HOUSING,25-44,M,BLACK,40.821238,-73.943094
306610276,05/17/2025,21:57:00,BROOKLYN,OUTSIDE,75,0,STREET,18-24,F,BLACK,40.65961,-73.890327
311337954,08/17/2025,12:18:00,BRONX,OUTSIDE,42,0,COMMERCIAL,25-44,M,BLACK,40.832226,-73.906379
312200895,09/01/2025,17:35:00,BROOKLYN,OUTSIDE,71,0,STREET,25-44,M,BLACK,40.668883,-73.932505
304666142,04/13/2025,01:08:00,BRONX,OUTSIDE,42,0,STREET,25-44,M,WHITE HISPANIC,40.839376,-73.896001
310966076,08/10/2025,01:26:00,BROOKLYN,OUTSIDE,83,0,STREET,25-44,F,BLACK,40.698491,-73.934375
310966077,08/10/2025,00:52:00,BRONX,OUTSIDE,48,0,STREET,18-24,F,BLACK,40.842152,-73.885375
310357834,07/28/2025,18:28:00,MANHATTAN,INSIDE,18,0,COMMERCIAL,25-44,F,WHITE,40.758128,-73.973298
299470064,01/15/2025,01:00:00,MANHATTAN,OUTSIDE,34,0,STREET,25-44,M,WHITE HISPANIC,40.86779354,-73.92998844
307259944,05/29/2025,00:21:00,QUEENS,OUTSIDE,101,0,STREET,25-44,M,BLACK,40.60046388,-73.75209442
309605576,07/14/2025,12:40:00,BRONX,OUTSIDE,47,0,STREET,25-44,M,BLACK,40.888875,-73.859883
311757222,08/23/2025,19:27:00,BRONX,OUTSIDE,47,0,PLAYGROUND,<18,F,BLACK,40.87413587,-73.84086067
301878453,02/28/2025,22:23:00,BRONX,INSIDE,42,0,DWELLING,25-44,M,WHITE HISPANIC,40.840331,-73.899641
303338555,03/20/2025,16:05:00,BRONX,INSIDE,47,0,DWELLING,25-44,M,BLACK,40.888244,-73.846171
303630518,03/25/2025,18:00:00,BROOKLYN,OUTSIDE,67,0,STREET,18-24,M,BLACK,40.662148,-73.927212
304923535,04/17/2025,17:03:00,MANHATTAN,OUTSIDE,26,2,HOUSING,25-44,M,WHITE HISPANIC,40.815983,-73.957292
311327863,08/17/2025,03:27:00,BROOKLYN,OUTSIDE,71,0,COMMERCIAL,18-24,M,BLACK,40.66759,-73.959087
312764904,09/11/2025,23:53:00,BROOKLYN,OUTSIDE,79,2,HOUSING,25-44,M,BLACK,40.688215,-73.946331
310305117,07/27/2025,18:45:00,BRONX,OUTSIDE,44,0,STREET,18-24,F,BLACK,40.83872163,-73.91377061
298877584,01/04/2025,00:43:00,BROOKLYN,OUTSIDE,75,0,COMMERCIAL,25-44,M,BLACK HISPANIC,40.679244,-73.886873
301178229,02/16/2025,03:11:00,BROOKLYN,INSIDE,88,0,COMMERCIAL,25-44,M,WHITE HISPANIC,40.68124,-73.964968
313259953,09/21/2025,04:46:00,BROOKLYN,OUTSIDE,90,0,STREET,25-44,M,WHITE HISPANIC,40.706761,-73.949302
304263630,04/05/2025,19:20:00,BRONX,INSIDE,46,0,COMMERCIAL,25-44,M,BLACK,40.861887,-73.893207
300061442,01/26/2025,04:27:00,BROOKLYN,OUTSIDE,63,0,STREET,25-44,F,BLACK,40.638041,-73.919232
302892958,03/16/2025,02:20:00,MANHATTAN,INSIDE,23,2,HOUSING,<18,M,WHITE HISPANIC,40.794604,-73.948786
312200896,09/01/2025,18:47:00,BROOKLYN,OUTSIDE,71,0,STREET,25-44,M,BLACK,40.671016,-73.959656
308965098,07/02/2025,02:50:00,MANHATTAN,OUTSIDE,32,0,STREET,45-64,M,BLACK,40.808017,-73.952753
299329906,01/12/2025,23:00:00,BRONX,INSIDE,43,0,DWELLING,25-44,M,BLACK HISPANIC,40.830446,-73.875789
303806896,03/28/2025,05:30:00,BRONX,OUTSIDE,43,0,DWELLING,25-44,M,BLACK HISPANIC,40.820514,-73.85311
306522955,05/15/2025,13:02:00,BRONX,OUTSIDE,46,0,STREET,45-64,M,BLACK,40.8473266,-73.90374022
311407433,08/18/2025,22:25:00,BROOKLYN,OUTSIDE,67,0,STREET,25-44,M,BLACK,40.65241,-73.954338
312202110,09/01/2025,19:34:00,BRONX,OUTSIDE,49,0,STREET,18-24,M,BLACK,40.865427,-73.867866
309849569,07/19/2025,02:05:00,MANHATTAN,OUTSIDE,18,0,STREET,25-44,M,BLACK,40.763071,-73.996687
301679844,02/25/2025,01:02:00,BROOKLYN,OUTSIDE,73,0,STREET,25-44,M,BLACK,40.669706,-73.919429
300044046,01/26/2025,04:18:00,BROOKLYN,OUTSIDE,75,0,STREET,25-44,M,WHITE HISPANIC,40.68239109,-73.87661615
308517351,06/23/2025,15:55:00,BROOKLYN,OUTSIDE,73,0,STREET,25-44,M,BLACK,40.659233,-73.915885
304611554,04/11/2025,19:32:00,BRONX,OUTSIDE,50,2,HOUSING,18-24,M,BLACK,40.876643,-73.908514
307632868,06/05/2025,13:18:00,BRONX,OUTSIDE,46,0,STREET,<18,M,BLACK,40.8473266,-73.90374022
302818234,03/14/2025,16:24:00,MANHATTAN,OUTSIDE,32,0,STREET,<18,M,BLACK,40.829459,-73.937956
307581458,06/04/2025,22:40:00,MANHATTAN,OUTSIDE,14,0,STREET,25-44,M,WHITE HISPANIC,40.75784,-73.991213
301565780,02/23/2025,19:50:00,BRONX,OUTSIDE,49,0,STREET,25-44,M,BLACK,40.855571,-73.86766
310937083,08/09/2025,01:19:00,MANHATTAN,OUTSIDE,14,0,STREET,18-24,F,BLACK,40.75759,-73.98659
308417293,06/21/2025,04:00:00,BROOKLYN,OUTSIDE,77,0,STREET,18-24,M,BLACK,40.674682,-73.940296
304483259,04/09/2025,16:58:00,BRONX,OUTSIDE,46,0,STREET,45-64,M,BLACK,40.86244422,-73.89714218
298756517,01/01/2025,05:15:00,BRONX,OUTSIDE,44,0,STREET,45-64,M,BLACK,40.83712653,-73.90963478
308590516,06/24/2025,21:00:00,QUEENS,OUTSIDE,100,0,STREET,25-44,M,BLACK,40.58730029,-73.79558904
309799589,07/18/2025,04:53:00,BROOKLYN,OUTSIDE,79,2,HOUSING,<18,M,BLACK,40.697134,-73.943739
313284601,09/21/2025,20:30:00,BROOKLYN,OUTSIDE,75,0,STREET,45-64,M,BLACK,40.666249,-73.900195
312333304,09/03/2025,22:30:00,BROOKLYN,OUTSIDE,70,0,STREET,25-44,M,WHITE HISPANIC,40.634862,-73.967518
305570690,04/29/2025,18:11:00,BROOKLYN,OUTSIDE,67,0,STREET,25-44,M,WHITE,40.659776,-73.917857
313205395,09/19/2025,18:41:00,BRONX,OUTSIDE,48,0,PLAYGROUND,25-44,F,WHITE,40.85987436,-73.89321651
309112260,07/05/2025,00:45:00,BRONX,OUTSIDE,44,0,STREET,25-44,M,WHITE HISPANIC,40.841575,-73.91048
311757222,08/23/2025,19:27:00,BRONX,OUTSIDE,47,0,PLAYGROUND,<18,F,BLACK,40.87413587,-73.84086067
307299375,05/30/2025,12:42:00,BRONX,OUTSIDE,42,0,STREET,18-24,M,BLACK,40.839376,-73.896001
304555922,04/10/2025,20:15:00,BROOKLYN,OUTSIDE,73,2,HOUSING,18-24,M,BLACK,40.664869,-73.904191
298756519,01/01/2025,23:18:00,QUEENS,OUTSIDE,103,0,COMMERCIAL,<18,F,BLACK,40.700318,-73.809959
298779027,01/02/2025,08:26:00,BROOKLYN,OUTSIDE,88,0,STREET,<18,M,BLACK,40.696297,-73.974949
303829751,03/29/2025,07:13:00,BROOKLYN,OUTSIDE,75,0,STREET,25-44,M,BLACK,40.67048191,-73.89651898
299257996,01/10/2025,17:42:00,BROOKLYN,OUTSIDE,69,0,STREET,45-64,F,BLACK,40.636763,-73.913343
304199343,04/04/2025,16:21:00,BROOKLYN,OUTSIDE,94,2,HOUSING,18-24,M,BLACK,40.718104,-73.940383
313284602,09/21/2025,22:06:00,BROOKLYN,INSIDE,71,0,DWELLING,<18,M,BLACK,40.670074,-73.954271
308029411,06/13/2025,02:35:00,BRONX,OUTSIDE,42,2,HOUSING,25-44,M,BLACK,40.834204,-73.905275
309492261,07/12/2025,08:12:00,QUEENS,OUTSIDE,103,0,STREET,25-44,M,BLACK,40.689221,-73.798557
310613388,08/02/2025,16:48:00,BROOKLYN,OUTSIDE,72,0,STREET,<18,M,BLACK HISPANIC,40.66203,-73.994561
305163494,04/22/2025,22:27:00,MANHATTAN,OUTSIDE,28,0,STREET,45-64,F,BLACK,40.800413,-73.950866
306651765,05/18/2025,21:30:00,BROOKLYN,OUTSIDE,75,0,OTHER,<18,M,BLACK,40.68375359,-73.8856456
303898919,03/30/2025,16:10:00,BRONX,OUTSIDE,47,0,STREET,25-44,M,BLACK,40.877335,-73.858031
308833787,06/29/2025,17:45:00,BRONX,OUTSIDE,43,0,STREET,25-44,M,BLACK,40.834568,-73.861434
307338431,05/31/2025,16:44:00,BROOKLYN,OUTSIDE,81,2,HOUSING,<18,F,BLACK,40.679061,-73.924931
306298652,05/12/2025,17:00:00,BRONX,OUTSIDE,42,0,STREET,<18,F,BLACK,40.827815,-73.900368
304703802,04/13/2025,22:29:00,BRONX,OUTSIDE,46,0,STREET,25-44,M,WHITE HISPANIC,40.846641,-73.919043
308824439,06/29/2025,13:17:00,STATEN ISLAND,OUTSIDE,122,0,HOUSING,18-24,M,BLACK,40.608997,-74.119758
304199342,04/04/2025,14:29:00,MANHATTAN,OUTSIDE,34,0,STREET,18-24,M,BLACK HISPANIC,40.86701515,-73.92310894
300951836,02/11/2025,07:30:00,BROOKLYN,OUTSIDE,83,0,STREET,25-44,F,WHITE HISPANIC,40.693531,-73.911082
310836182,08/07/2025,00:30:00,QUEENS,OUTSIDE,100,2,HOUSING,25-44,M,BLACK,40.58788,-73.808576
306906891,05/23/2025,02:16:00,BROOKLYN,OUTSIDE,75,0,STREET,25-44,M,BLACK,40.684037,-73.874337
300882495,02/10/2025,11:56:00,BROOKLYN,INSIDE,73,0,COMMERCIAL,45-64,M,BLACK,40.670167,-73.915729
309415108,07/10/2025,20:54:00,MANHATTAN,OUTSIDE,25,0,STREET,25-44,M,BLACK,40.801288,-73.936073
308717967,06/25/2025,16:55:00,QUEENS,INSIDE,103,0,DWELLING,<18,M,BLACK,40.704713,-73.798973
298909834,01/04/2025,22:35:00,BRONX,OUTSIDE,47,0,STREET,25-44,M,BLACK,40.890286,-73.859106
310980316,08/10/2025,13:25:00,BRONX,OUTSIDE,52,0,STREET,25-44,M,BLACK HISPANIC,40.861504,-73.909764
313563275,09/27/2025,16:17:00,BRONX,OUTSIDE,46,0,STREET,25-44,M,BLACK HISPANIC,40.853376,-73.904264
310276531,07/27/2025,01:05:00,BROOKLYN,OUTSIDE,69,0,STREET,45-64,M,BLACK,40.64890978,-73.89255234
306856917,05/22/2025,03:43:00,BROOKLYN,OUTSIDE,63,0,STREET,25-44,M,BLACK,40.618266,-73.919077
305054141,04/20/2025,13:50:00,BRONX,OUTSIDE,40,2,HOUSING,25-44,M,BLACK,40.812701,-73.921625
307442124,06/02/2025,21:55:00,BROOKLYN,INSIDE,83,0,DWELLING,45-64,M,BLACK,40.691437,-73.915478
308590523,06/24/2025,20:51:00,BRONX,OUTSIDE,43,0,,<18,M,BLACK,40.83380093,-73.88322309
305806062,05/03/2025,13:37:00,MANHATTAN,OUTSIDE,32,0,STREET,45-64,F,BLACK,40.81275131,-73.94556952
308868057,06/30/2025,10:00:00,BRONX,OUTSIDE,50,0,STREET,45-64,M,WHITE HISPANIC,40.878952,-73.915416
304863318,04/16/2025,18:34:00,BRONX,OUTSIDE,48,0,STREET,25-44,M,BLACK,40.854801,-73.892152
310820655,08/06/2025,19:45:00,QUEENS,OUTSIDE,100,2,HOUSING,25-44,M,BLACK,40.587663,-73.81056
313284879,09/21/2025,16:55:00,MANHATTAN,OUTSIDE,13,0,STREET,<18,F,WHITE HISPANIC,40.743707,-73.985923
300771165,02/07/2025,16:55:00,BROOKLYN,OUTSIDE,70,0,STREET,25-44,M,BLACK,40.654952,-73.958
300361353,01/31/2025,20:17:00,MANHATTAN,OUTSIDE,32,2,HOUSING,18-24,M,BLACK,40.810886,-73.948795
305163494,04/22/2025,22:27:00,MANHATTAN,OUTSIDE,28,0,STREET,18-24,M,BLACK,40.800413,-73.950866
304666143,04/13/2025,02:09:00,BRONX,INSIDE,40,2,HOUSING,25-44,M,BLACK HISPANIC,40.822729,-73.919369
309293635,07/08/2025,15:50:00,BRONX,OUTSIDE,41,0,STREET,25-44,M,BLACK,40.823876,-73.891862
310966080,08/10/2025,03:43:00,QUEENS,OUTSIDE,101,0,STREET,25-44,F,BLACK,40.594437,-73.751211
310966075,08/09/2025,21:11:00,BROOKLYN,OUTSIDE,72,0,STREET,45-64,M,BLACK HISPANIC,40.643149,-74.017641
313533984,09/26/2025,22:47:00,BRONX,OUTSIDE,42,2,HOUSING,<18,M,BLACK,40.832226,-73.906379
309605579,07/14/2025,14:30:00,MANHATTAN,OUTSIDE,32,2,HOUSING,25-44,M,BLACK,40.821238,-73.943094
309519556,07/13/2025,00:49:00,BROOKLYN,OUTSIDE,94,0,OTHER,25-44,M,WHITE HISPANIC,40.720365,-73.950415
312200897,09/01/2025,18:55:00,BROOKLYN,OUTSIDE,71,0,STREET,25-44,M,BLACK,40.66312629,-73.95089285
306651416,05/18/2025,18:45:00,BRONX,OUTSIDE,46,0,STREET,45-64,M,BLACK,40.860085,-73.89363
305364226,04/25/2025,21:08:00,BRONX,OUTSIDE,40,0,STREET,25-44,M,WHITE HISPANIC,40.813511,-73.917679
304666141,04/12/2025,22:05:00,QUEENS,OUTSIDE,111,0,STREET,<18,M,WHITE HISPANIC,40.753552,-73.771428
311661209,08/22/2025,17:51:00,BRONX,OUTSIDE,42,0,STREET,45-64,M,BLACK,40.826188,-73.909738
306159871,05/09/2025,20:30:00,MANHATTAN,OUTSIDE,5,2,HOUSING,25-44,M,BLACK,40.710589,-74.000827
312202110,09/01/2025,19:34:00,BRONX,OUTSIDE,49,0,STREET,25-44,M,BLACK,40.865427,-73.867866
298949942,01/03/2025,17:30:00,BRONX,OUTSIDE,44,0,STREET,<18,M,BLACK,40.843722,-73.917502
298949944,01/05/2025,19:43:00,MANHATTAN,OUTSIDE,24,0,STREET,<18,M,BLACK,40.791193,-73.972463
309560882,07/13/2025,21:35:00,BROOKLYN,OUTSIDE,77,0,HOUSING,18-24,M,BLACK,40.675616,-73.926657
302113753,03/05/2025,12:35:00,BRONX,OUTSIDE,42,0,STREET,25-44,M,BLACK,40.823467,-73.906241
301529587,02/22/2025,00:38:00,BRONX,INSIDE,45,2,HOUSING,18-24,M,BLACK HISPANIC,40.821023,-73.826044
308800536,06/28/2025,19:40:00,BROOKLYN,OUTSIDE,73,0,STREET,25-44,M,BLACK,40.658159,-73.911702
300450100,02/02/2025,22:30:00,QUEENS,OUTSIDE,102,0,STREET,25-44,M,ASIAN / PACIFIC ISLANDER,40.681213,-73.863454
304022767,04/01/2025,15:30:00,BRONX,OUTSIDE,48,0,STREET,25-44,M,WHITE HISPANIC,40.851386,-73.882234
303301268,03/20/2025,08:00:00,BROOKLYN,OUTSIDE,83,2,HOUSING,25-44,M,WHITE HISPANIC,40.696427,-73.918193
301313415,02/18/2025,18:50:00,BRONX,OUTSIDE,42,0,STREET,25-44,M,BLACK HISPANIC,40.831867,-73.897769
312143619,08/30/2025,00:46:00,BROOKLYN,OUTSIDE,79,0,STREET,18-24,M,BLACK,40.684932,-73.948807
304666375,04/13/2025,04:47:00,BRONX,OUTSIDE,45,0,STREET,18-24,M,WHITE HISPANIC,40.816178,-73.818701
311661208,08/22/2025,16:03:00,BRONX,OUTSIDE,45,0,STREET,<18,M,BLACK HISPANIC,40.84003243,-73.84453462
305252462,04/23/2025,16:54:00,BRONX,OUTSIDE,50,0,STREET,25-44,F,WHITE HISPANIC,40.868709,-73.900738
313349614,09/23/2025,14:02:00,MANHATTAN,OUTSIDE,25,0,PLAYGROUND,25-44,M,BLACK HISPANIC,40.80574267,-73.94275414
307731891,06/08/2025,06:35:00,BROOKLYN,OUTSIDE,63,0,STREET,45-64,M,BLACK,40.623957,-73.921111
308408221,06/20/2025,19:06:00,QUEENS,OUTSIDE,104,0,STREET,25-44,F,WHITE HISPANIC,0.0,0.0
313028799,09/16/2025,14:30:00,MANHATTAN,OUTSIDE,7,0,STREET,45-64,F,WHITE,40.713981,-73.987146
309560882,07/13/2025,21:35:00,BROOKLYN,OUTSIDE,77,0,HOUSING,25-44,M,BLACK,40.675616,-73.926657
308417294,06/20/2025,14:51:00,BRONX,OUTSIDE,46,0,STREET,25-44,M,BLACK,40.848512,-73.902363
304221983,04/05/2025,02:30:00,BROOKLYN,INSIDE,61,2,HOUSING,25-44,M,BLACK,40.596395,-73.93678
311991746,08/27/2025,08:30:00,BRONX,OUTSIDE,44,0,STREET,25-44,M,BLACK,40.838114,-73.91024
310276533,07/26/2025,20:48:00,BRONX,OUTSIDE,44,0,STREET,18-24,M,BLACK,40.834052,-73.927396
306880258,05/22/2025,17:55:00,BROOKLYN,OUTSIDE,77,2,HOUSING,25-44,M,BLACK,40.675414,-73.937462
306062049,05/08/2025,00:25:00,BRONX,OUTSIDE,47,2,HOUSING,18-24,M,BLACK,40.883065,-73.833249
311113696,08/12/2025,19:02:00,BRONX,INSIDE,43,2,HOUSING,18-24,M,ASIAN / PACIFIC ISLANDER,40.833835,-73.876987
303231197,03/19/2025,00:20:00,BRONX,OUTSIDE,52,0,STREET,25-44,M,BLACK,40.866982,-73.893691
305034045,04/19/2025,21:02:00,BRONX,OUTSIDE,45,0,STREET,25-44,M,BLACK,40.842537,-73.852825
310357834,07/28/2025,18:28:00,MANHATTAN,INSIDE,18,0,COMMERCIAL,25-44,M,BLACK,40.758128,-73.973298
299996365,01/24/2025,20:20:00,BRONX,OUTSIDE,42,0,STREET,25-44,M,BLACK,40.827717,-73.890893
303036413,03/17/2025,05:16:00,QUEENS,OUTSIDE,111,0,STREET,45-64,M,BLACK,40.745465,-73.754146
309161372,07/06/2025,11:41:00,BRONX,OUTSIDE,46,0,STREET,45-64,M,BLACK,40.847041,-73.92274
312482076,09/06/2025,13:45:00,BROOKLYN,OUTSIDE,73,0,STREET,<18,M,BLACK,40.657885,-73.913541
308868058,06/30/2025,13:00:00,BROOKLYN,OUTSIDE,73,0,STREET,25-44,M,BLACK,40.65850488,-73.91469197
313028800,09/16/2025,18:18:00,MANHATTAN,OUTSIDE,20,0,HOUSING,25-44,M,BLACK,40.772275,-73.988118
300197279,01/28/2025,15:30:00,BROOKLYN,INSIDE,67,0,DWELLING,<18,M,BLACK,40.662519,-73.927012
306915848,05/23/2025,10:30:00,BRONX,OUTSIDE,43,0,STREET,25-44,M,BLACK,40.83476932,-73.86994082
302312793,03/08/2025,02:40:00,BROOKLYN,OUTSIDE,73,0,STREET,45-64,M,BLACK,40.678533,-73.910891
311299210,08/16/2025,03:30:00,BRONX,OUTSIDE,41,0,STREET,25-44,M,BLACK,40.813238,-73.885183
305637545,04/30/2025,22:40:00,QUEENS,OUTSIDE,103,0,STREET,18-24,M,WHITE HISPANIC,40.70999809,-73.79262296
305034044,04/19/2025,22:19:00,BROOKLYN,OUTSIDE,67,0,COMMERCIAL,25-44,M,BLACK,40.640973,-73.929232
300261482,01/29/2025,18:15:00,MANHATTAN,OUTSIDE,25,0,STREET,25-44,M,WHITE HISPANIC,40.807866,-73.934886
307746978,06/08/2025,22:09:00,BROOKLYN,OUTSIDE,67,0,STREET,25-44,M,BLACK,40.640535,-73.947495
305364725,04/25/2025,23:57:00,MANHATTAN,OUTSIDE,32,0,STREET,25-44,M,BLACK,40.821982,-73.938833
310966074,08/09/2025,20:45:00,BROOKLYN,OUTSIDE,90,0,HOUSING,25-44,M,BLACK,40.701186,-73.939967
310671125,08/04/2025,04:38:00,BROOKLYN,OUTSIDE,67,0,STREET,25-44,M,BLACK,40.63633,-73.928736
307386906,06/01/2025,21:50:00,BRONX,OUTSIDE,42,0,STREET,25-44,M,BLACK,40.82962741,-73.9022048
309519919,07/13/2025,03:10:00,BRONX,OUTSIDE,48,0,STREET,25-44,M,BLACK HISPANIC,40.84458101,-73.90268882
306613733,05/18/2025,03:54:00,QUEENS,OUTSIDE,110,0,STREET,18-24,F,BLACK,40.739229,-73.884526
300882494,02/10/2025,20:33:00,QUEENS,INSIDE,109,2,HOUSING,25-44,M,BLACK,40.766054,-73.829917
311757222,08/23/2025,19:27:00,BRONX,OUTSIDE,47,0,PLAYGROUND,25-44,M,BLACK,40.87413587,-73.84086067
310966077,08/10/2025,00:52:00,BRONX,OUTSIDE,48,0,STREET,25-44,M,BLACK,40.842152,-73.885375
313570970,09/28/2025,01:12:00,BRONX,OUTSIDE,43,0,COMMERCIAL,25-44,F,WHITE HISPANIC,40.832551,-73.864117
298756518,01/01/2025,20:20:00,BROOKLYN,INSIDE,75,0,COMMERCIAL,25-44,M,BLACK,40.659612,-73.883327
299382241,01/13/2025,21:15:00,MANHATTAN,OUTSIDE,30,0,STREET,25-44,M,BLACK HISPANIC,40.824207,-73.95208
307244288,05/29/2025,13:19:00,BRONX,OUTSIDE,43,0,OTHER,65+,M,WHITE HISPANIC,40.833731,-73.856193
306394911,05/14/2025,05:56:00,BROOKLYN,OUTSIDE,76,0,STREET,45-64,M,BLACK HISPANIC,40.673607,-74.00012
305404405,04/26/2025,20:54:00,QUEENS,OUTSIDE,114,2,HOUSING,25-44,M,BLACK,40.773793,-73.936281
311327863,08/17/2025,03:27:00,BROOKLYN,OUTSIDE,71,0,COMMERCIAL,25-44,F,BLACK,40.66759,-73.959087
311756929,08/23/2025,17:26:00,BRONX,OUTSIDE,47,0,STREET,25-44,M,BLACK,40.878261,-73.865964
299956934,01/23/2025,23:43:00,BRONX,OUTSIDE,43,0,STREET,<18,M,WHITE HISPANIC,40.825473,-73.882778
